"date","hero","category","subcategory","rarity","name","content","cost","life","armor","shield","weaponpower","abilitypower","attackspeed","ctreducation","ammo","weaponlifesteal","abilitylifesteal","speed","reloadspeed","meleedamage","critical","duration","updatecategory"
"2025/05/21","-","システム","-","-","コールド・ゲーム","コールド・ゲームの成立に必要なチーム間のキャッシュ差が15,000から10,000に減少","","","","","","","","","","","","","","","","",2
"2025/05/21","-","システム","-","-","ラウンド完了のキャッシュ・ボーナス","両チームのプレイヤーがラウンド中に得たキャッシュの量が想定よりも少ない場合、ラウンド完了のボーナスがブーストされます。追加で得られるキャッシュの量は参加プレイヤーに関係なく同一です。","","","","","","","","","","","","","","","","",2
"2025/05/21","ラインハルト","パワー","-","-","このカボチャ頭が！","1回の蓄積ごとの移動速度の上昇率が2%から1%に減少/1回の蓄積ごとのライフ吸収の増加率が5%から3%に減少/最大蓄積数が5から10に増加/持続時間が3秒から2秒に短縮","","","","","","","","","","","","","","","","",2
"2025/05/21","ラインハルト","パワー","-","-","我が輩のもとへ！","ライフ最大値に基づく回復量が3%から4%に増加","","","","","","","","","","","","","","","","",2
"2025/05/21","ラインハルト","パワー","-","-","諸突猛進","ダメージ軽減による回復量が15%から5%に減少","","","","","","","","","","","","","","","","",2
"2025/05/21","ラインハルト","アイテム","アビリティ","エピック","ロケット・ストライク","〈ファイア・ストライク〉の弾速上昇率が50%から25%に減少/アビリティ・パワーの増加率が20%から10%に減少","","","","","","10","","","","","","","","","","",2
"2025/05/21","ラインハルト","アイテム","アビリティ","レア","キメラ・ストライク","アビリティ・パワーの増加率が10%から5%に減少","","","","","","5","","","","","","","","","","",2
"2025/05/21","フレイヤ","-","-","-","-","スタジアムのヒーロー・ラインナップに追加","","","","","","","","","","","","","","","","",1
"2025/05/21","フレイヤ","パワー","-","-","サイクロン","スタジアム用新パワー/〈アップドラフト〉の使用時、照準に向かって〈テイク・エイム〉の矢を1本発射する","","","","","","","","","","","","","","","","",1
"2025/05/21","フレイヤ","パワー","-","-","シーカーポイント","スタジアム用新パワー/〈テイク・エイム〉の矢が敵に刺さると、その敵に対してダメージが66%少ないクロスボウの矢を自動で3発、追加で発射する","","","","","","","","","","","","","","","","",1
"2025/05/21","フレイヤ","パワー","-","-","サイズミック・ショット","スタジアム用新パワー/〈テイク・エイム〉の爆発範囲が33%広がる矢が刺さった場合、効果は2倍になる","","","","","","","","","","","","","","","","",1
"2025/05/21","フレイヤ","パワー","-","-","精密射撃","スタジアム用新パワー/〈テイク・エイム〉の矢が貫通する。追加の爆発が与えるダメージは66%少ない","","","","","","","","","","","","","","","","",1
"2025/05/21","フレイヤ","パワー","-","-","ディープ・ポケット","スタジアム用新パワー/いずれかのアビリティを使用すると、弾薬が最大弾薬数の50%分回復する","","","","","","","","","","","","","","","","",1
"2025/05/21","フレイヤ","パワー","-","-","自給自足","スタジアム用新パワー/〈クイック・ダッシュ〉の使用後2秒間、〈リバースドロー・クロスボウ〉のヒットが、ライフ最大値の3%分自身を回復させる","","","","","","","","","","","","","","","","",1
"2025/05/21","フレイヤ","パワー","-","-","ピーク・パフォーマンス","スタジアム用新パワー/〈リバースドロー・クロスボウ〉の発射中、自身の落下速度が80%遅くなる","","","","","","","","","","","","","","","","",1
"2025/05/21","フレイヤ","パワー","-","-","リバイバル","スタジアム用新パワー/〈テイク・エイム〉の矢、または〈ボーラ・ショット〉がヒットしたターゲットに〈リバースドロー・クロスボウ〉を当てると、アビリティのクールダウンが5%短くなり、弾薬が1回復する","","","","","","","","","","","","","","","","",1
"2025/05/21","フレイヤ","パワー","-","-","ボレー・アドゥ","スタジアム用新パワー/〈リバースドロー・クロスボウ〉5発ごとに、ダメージが50%少ない、2本の矢を扇状に追加で放つ","","","","","","","","","","","","","","","","",1
"2025/05/21","フレイヤ","パワー","-","-","リトル・トラップ","スタジアム用新パワー/〈アップドラフト〉の使用後、次に空中で放つ〈テイク・エイム〉のショットが爆発矢ではなく、ダメージが60%少ない〈ボーラ・ショット〉になる","","","","","","","","","","","","","","","","",1
"2025/05/21","フレイヤ","パワー","-","-","鎧袖一触","スタジアム用新パワー/〈ボーラ・ショット〉の範囲内のダメージが50%増え、3秒間長く持続する〈ボーラ・ショット〉のキル数が〈バウンティ・ハンティング〉にカウントされる","","","","","","","","","","","","","","","","",1
"2025/05/21","フレイヤ","パワー","-","-","強烈なる突風","スタジアム用新パワー/〈アップドラフト〉を使うと、突風を照準に向けて放ち、敵をノックバックして40のアビリティ・ダメージを与える","","","","","","","","","","","","","","","","",1
"2025/05/21","フレイヤ","アイテム","武器","レア","トラッカー・タグ","新武器ヒーロー・アイテム（レア）/最大弾薬数30%/〈テイク・エイム〉の矢が敵に刺さると、3秒間、自身の攻撃速度が20%上がる","","","","","","","","","","","","","","","","",1
"2025/05/21","フレイヤ","アイテム","武器","レア","スリップストリーム・スカーフ","新武器ヒーロー・アイテム（レア）/ライフ25/武器パワー5%/〈クイック・ダッシュ〉の移動距離25%","","","","","","","","","","","","","","","","",1
"2025/05/21","フレイヤ","アイテム","武器","エピック","ポータブル・ジップライン","新武器ヒーロー・アイテム（エピック）/武器パワー15%/キルすると〈クイック・ダッシュ〉の両方のチャージのクールダウンがリセットされる","","","","","","","","","","","","","","","","",1
"2025/05/21","フレイヤ","アイテム","アビリティ","レア","空中歩行ブーツ","新アビリティ・ヒーロー・アイテム（レア）/ライフ25/クールダウン短縮5%/〈アップドラフト〉の高さ20%","","","","","","","","","","","","","","","","",1
"2025/05/21","フレイヤ","アイテム","アビリティ","エピック","メイルストロム","新アビリティ・ヒーロー・アイテム（エピック）/アビリティ・パワー15%/〈ボーラ・ショット〉が命中しなくても付近の敵を引き寄せる","","","","","","","","","","","","","","","","",1
"2025/05/21","フレイヤ","アイテム","サバイバル","レア","狩人の刻印","新サバイバル・ヒーロー・アイテム（レア）/ライフ25/バウンティが75以上かつ40メートル以内にいる敵の位置が明らかになる。その敵を倒すと、追加のキャッシュを250得る","","","","","","","","","","","","","","","","",1
"2025/05/21","フレイヤ","アイテム","サバイバル","レア","風編みの羽衣","新サバイバル・ヒーロー・アイテム（レア）/ライフ25/〈テイク・エイム〉の移動速度低下時間100%","","","","","","","","","","","","","","","","",1
"2025/05/21","フレイヤ","アイテム","サバイバル","レア","止血風","新サバイバル・ヒーロー・アイテム（レア）/ライフ25/〈アップドラフト〉を使用すると〈クイック・ダッシュ〉がリセットされ、5秒間、50の追加ライフを得る","","","","","","","","","","","","","","","","",1
"2025/05/21","フレイヤ","アイテム","サバイバル","エピック","毒矢","新サバイバル・ヒーロー・アイテム（エピック）/ライフ50/〈テイク・エイム〉の矢か爆風に当たった敵の動きが30%遅くなるが、爆発までの時間が1秒長くなる","","","","","","","","","","","","","","","","",1
"2025/05/21","ソルジャー76","パワー","-","-","クレーテッド","爆発の追加ダメージが25%から15%に減少","","","","","","","","","","","","","","","","",2
"2025/05/21","共通アイテム","アイテム","アビリティ","エピック","チャンピオン・セット","コストが13,500から14,000に増加/アビリティ・パワーの増加率が40%から35%に減少","14000","","","","","35","","","","","","","","","","",2
"2025/05/21","共通アイテム","アイテム","武器","エピック","索敵強化","コストが13,000から14,500に増加","14500","","","","","","","","","","","","","","","",2
"2025/05/21","共通アイテム","アイテム","武器","エピック","蜘蛛の眼差し","コストが13,500から14,000に増加","14000","","","","","","","","","","","","","","","",2
"2025/05/21","共通アイテム","アイテム","アビリティ","レア","ナノ・コーラ","コストが5,500から6,000に増加","6000","","","","","","","","","","","","","","","",2
"2025/05/21","共通アイテム","アイテム","武器","レア","タロン製強化モジュール","コストが5,500から6,000に増加","6000","","","","","","","","","","","","","","","",2
"2025/05/21","共通アイテム","アイテム","サバイバル","エピック","闇のガントレット","コストが9,500から10,000に増加","10000","","","","","","","","","","","","","","","",2
"2025/05/21","共通アイテム","アイテム","武器","レア","氷冷クーラント","コストが5,000から5,500に増加","5500","","","","","","","","","","","","","","","",2
"2025/05/21","共通アイテム","アイテム","アビリティ","レア","マルチ・ツール","コストが5,000から4,500に減少/クールダウンの短縮率が10%から5%に減少/アビリティ・パワーの獲得量が5%から10%に増加","4500","","","","","10","","5","","","","","","","","",2
"2025/05/21","共通アイテム","アイテム","サバイバル","エピック","血の復讐","コストが9,500から9,000に減少","9000","","","","","","","","","","","","","","","",2
"2025/05/21","共通アイテム","アイテム","サバイバル","エピック","遺伝学者の秘薬","蘇生後のライフが200から250に増加","","","","","","","","","","","","","","","","",2
"2025/05/21","共通アイテム","アイテム","サバイバル","コモン","イオン・ブースト","ラウンド開始時だけでなく、リスポーンのたびに追加ライフを100得られるようになりました/コストが1,000から1,500に増加","1500","","","","","","","","","","","","","","","",2
"2025/05/21","共通アイテム","アイテム","サバイバル","コモン","アドレナリン注入","ライフが10から25に増加/コストが1,000から1,500に増加","1500","25","","","","","","","","","","","","","","",2
"2025/05/23","-","システム","-","-","ランク・システム","プロ、オールスター、レジェンド・リーグにおけるランク・スキル・ボーナスの上限が25から50に増加/チャレンジ「君こそスター」の期間をシーズン17の終わりまで延長。報酬のジュノ用レジェンダリー・スキン「スタジアム・オールスター」は、シーズン16と17で入手可能です。","","","","","","","","","","","","","","","","",2
"2025/05/30","D.VA","パワー","-","-","チョーク交換","〈フュージョン・キャノン〉の拡散率の減少量が66%から50%に減少","","","","","","","","","","","","","","","","",2
"2025/05/30","D.VA","パワー","-","-","イグニッション・バースト","マグマのダメージが30から80に増加","","","","","","","","","","","","","","","","",2
"2025/05/30","D.VA","アイテム","アビリティ","レア","ベスビオ・プロトコル","マグマのダメージが30から80に増加","","","","","","","","","","","","","","","","",2
"2025/05/30","ジャンカー・クイーン","パワー","-","-","統率者の一撃","有効範囲が12メートルから15メートルに拡大/ダメージが30から50に増加","","","","","","","","","","","","","","","","",2
"2025/05/30","ジャンカー・クイーン","パワー","-","-","ナイフ・ツイスト","傷の持続時間のボーナスを0.5秒から1秒に延長","","","","","","","","","","","","","","","","",2
"2025/05/30","ジャンカー・クイーン","パワー","-","-","ブレード・パレード","ダメージが35%から100%に増加","","","","","","","","","","","","","","","","",2
"2025/05/30","ジャンカー・クイーン","パワー","-","-","慈悲なき刃","有効範囲が12メートルから15メートルに拡大","","","","","","","","","","","","","","","","",2
"2025/05/30","ジャンカー・クイーン","アイテム","サバイバル","エピック","肉体強化","ダメージ軽減量が50%から75%に増加","","","","","","","","","","","","","","","","",2
"2025/05/30","オリーサ","パワー","-","-","焦土","ダメージが10%から20%に増加","","","","","","","","","","","","","","","","",2
"2025/05/30","オリーサ","アイテム","武器","レア","放熱効率アップ","リカバリー速度の上昇率が25%から50%に増加","","","","","","","","","","","","","","","","",2
"2025/05/30","ラインハルト","パワー","-","-","バリア再生","ダメージから得られるバリアの回復量が、バリアのライフ最大値の10%から15%に増加","","","","","","","","","","","","","","","","",2
"2025/05/30","ラインハルト","パワー","-","-","真っ赤に燃える！","〈このカボチャ頭が！〉と〈ダンパー・グリップ〉に効果が適用されなくなりました","","","","","","","","","","","","","","","","",2
"2025/05/30","ラインハルト","アイテム","武器","エピック","ダンパー・グリップ","アビリティ・パワーの獲得量が10%から15%に増加","","","","","","15","","","","","","","","","","",2
"2025/05/30","アッシュ","パワー","-","-","派手に散りな","爆発ダメージの軽減率が66%から30%に減少","","","","","","","","","","","","","","","","",2
"2025/05/30","アッシュ","パワー","-","-","モルテン・ダイナマイト","ダメージが50から80に増加/説明文にはまだ従来の数値が表示されていますが、機能上は80に設定されています。ゲーム内の表示も、次のシーズンには修正する予定です。","","","","","","","","","","","","","","","","",2
"2025/05/30","アッシュ","パワー","-","-","リロード・セラピー","回復量が3%から10%に増加","","","","","","","","","","","","","","","","",2
"2025/05/30","アッシュ","アイテム","武器","エピック","サイドワインダー","攻撃速度の上昇率が10%から15%に増加/ダメージの増加率が15%から25%に増加","","","","","","","15","","","","","","","","","",2
"2025/05/30","フレイヤ","パワー","-","-","リトル・トラップ","再度利用可能になりました/「リトル・トラップ」のボーラによる速度低下率が60%減少/「リトル・トラップ」のボーラが敵に直撃した際に、周囲の敵を引き寄せなくなりました","","","","","","","","","","","","","","","","",2
"2025/05/30","フレイヤ","パワー","-","-","鎧袖一触","ダメージ範囲のダメージ増加率が50%から30%に減少/ダメージ範囲の持続時間が3秒から2秒に短縮","","","","","","","","","","","","","","","","",2
"2025/05/30","フレイヤ","パワー","-","-","ディープ・ポケット","アビリティを使用した際の弾薬回復量が、最大弾薬数の50%から25%に減少","","","","","","","","","","","","","","","","",2
"2025/05/30","フレイヤ","パワー","-","-","自給自足","ヒットごとの回復量がライフ最大値の3%から4%に増加","","","","","","","","","","","","","","","","",2
"2025/05/30","フレイヤ","パワー","-","-","ボレー・アドゥ","追加の矢のダメージ減少量を、通常の矢の50%から33%に変更","","","","","","","","","","","","","","","","",2
"2025/05/30","フレイヤ","アイテム","武器","エピック","ポータブル・ジップライン","武器パワーの増加率が15%から5%に減少","","","","","5","","","","","","","","","","","",2
"2025/05/30","フレイヤ","アイテム","アビリティ","エピック","マグネティック・メイルストロム","利用できなくなりました","","","","","","","","","","","","","","","","","3"
"2025/05/30","メイ","パワー","-","-","ヒーリング・ブリザード","毎秒の回復量が5%から15%に増加","","","","","","","","","","","","","","","","",2
"2025/05/30","ソルジャー76","パワー","-","-","ハンカー・ダウン","ボーナスで発動する〈バイオティック・フィールド〉の持続時間の短縮率が70%から50%に減少","","","","","","","","","","","","","","","","",2
"2025/05/30","ソルジャー76","パワー","-","-","チェーンガン","1ヒットあたりの武器パワーの増加率が0.5%から0.4%に減少","","","","","","","","","","","","","","","","",2
"2025/05/30","ソルジャー76","アイテム","アビリティ","レア","バッテリー・パック","〈バイオティック・フィールド〉の持続時間の延長率が30%から40%に増加","","","","","","","","","","","","","","","","",2
"2025/05/30","ソルジャー76","アイテム","アビリティ","エピック","緊急回復","〈バイオティック・フィールド〉の範囲の拡大率が30%から40%に増加","","","","","","","","","","","","","","","","",2
"2025/05/30","ソルジャー76","アイテム","サバイバル","レア","脚力系雑務","攻撃速度5%上昇の効果を削除/アビリティ・パワー5%増加の効果を追加","","","","","","0","0","","","","","","","","","",2
"2025/05/30","アナ","パワー","-","-","タクティカル・ライフル","エイム・トラッキングの角度が50%減少","","","","","","","","","","","","","","","","",2
"2025/05/30","アナ","アイテム","アビリティ","エピック","クラスター・コア","敵1人に〈バイオティック・グレネード〉がヒットした際の、同アビリティのクールダウンの短縮時間が1秒から2秒に延長","","","","","","","","","","","","","","","","",2
"2025/05/30","アナ","アイテム","サバイバル","レア","ダッシュ・ブーツ","移動速度のボーナスが5%から10%に増加/クールダウンが4秒から3秒に短縮","","","","","","","","","","","","10","","","","",2
"2025/05/30","ジュノ","パワー","-","-","ハイパー・ヒーラー","追加ライフが50から100に増加","","","","","","","","","","","","","","","","",2
"2025/05/30","ジュノ","パワー","-","-","ブラック・ホール","速度低下の持続時間が1秒から2秒に延長","","","","","","","","","","","","","","","","",2
"2025/05/30","キリコ","パワー","-","-","自己快気","回復量が5%から15%に増加","","","","","","","","","","","","","","","","",2
"2025/06/25","-","システム","-","-","スタジアムの新ヒーロー","シグマ - タンク/ジャンクラット - ダメージ/ゼニヤッタ - サポート","","","","","","","","","","","","","","","","",1
"2025/06/25","-","システム","-","-","スタジアムの新マップ","ゲーム・モード「プッシュ」用マップ「ESPERANCA」を追加しました/ゲーム・モード「コントロール」用マップ「SAMOA」を追加しました","","","","","","","","","","","","","","","","",1
"2025/06/25","-","システム","-","-","ランクのアップデート","プロ、オールスター、レジェンドのランク・アップ/ダウンに要するポイントを減らしました","","","","","","","","","","","","","","","","",2
"2025/06/25","D.VA","パワー","-","-","MEKAパンチ","〈ブースター〉でトドメを刺すと、同アビリティのクールダウンがリセットするようになりました/〈ブースター〉中のクイック近接攻撃のダメージ増加率が50%から75%に増加","","","","","","","","","","","","","","","","",2
"2025/06/25","D.VA","アイテム","アビリティ","レア","デヒョン・デトネーター","攻撃範囲にいる敵に警告が表示されるようになりました/範囲が200%から100%に縮小","","","","","","","","","","","","","","","","",2
"2025/06/25","D.VA","アイテム","サバイバル","エピック","ナノ・コーラ・ニトロ","ライフ5%増加の効果を削除","","","","","","","","","","","","","","","","",2
"2025/06/25","ジャンカー・クイーン","パワー","-","-","勝利あるのみ","クールダウンの短縮率が100%から50%に減少","","","","","","","","","","","","","","","","",2
"2025/06/25","ジャンカー・クイーン","パワー","-","-","グレーシー、切り刻め！","ヒットあたりのクールダウンの短縮が1秒から2秒に延長","","","","","","","","","","","","","","","","",2
"2025/06/25","オリーサ","アイテム","サバイバル","レア","ジャベリン・グラスプ","ライフ+25の効果を追加","","25","","","","","","","","","","","","","","",2
"2025/06/25","オリーサ","アイテム","アビリティ","レア","会心の投擲","クールダウン5%短縮の効果を追加","","","","","","","","5","","","","","","","","",2
"2025/06/25","ラインハルト","パワー","-","-","バースト・インパクト","ダメージの対象がメイン・ターゲットの周囲にいる敵にのみになりました/爆発ダメージが〈ファイア・ストライク〉のダメージ15%分から30%分に増加","","","","","","","","","","","","","","","","",2
"2025/06/25","ラインハルト","パワー","-","-","マグマ・ストライク","マグマの発生条件から「2秒以内」を削除。今後は2発目の〈ファイア・ストライク〉の機動に沿ってマグマが発生します","","","","","","","","","","","","","","","","",2
"2025/06/25","ラインハルト","アイテム","アビリティ","エピック","キメラ・ストライク","レア度をレアからエピックに変更/〈ファイア・ストライク〉の弾速+25%の効果を追加/効果を「〈ファイア・ストライク〉が2人目以降の敵に貫通しヒットするたびに、〈ファイア・ストライク〉のクールダウンが5%短くなる」に変更","","","","","","","","","","","","","","","","",2
"2025/06/25","ラインハルト","アイテム","アビリティ","エピック","ロケット・ストライク","削除しました","","","","","","","","","","","","","","","","","3"
"2025/06/25","ラインハルト","アイテム","サバイバル","エピック","諸突猛進","カテゴリをパワーからサバイバル・アイテム（エピック）に変更/アーマー+50の効果を追加/11,000コスト/効果「軽減したダメージの5%回復」を削除","11000","","50","","","","","","","","","","","","","",2
"2025/06/25","ラインハルト","パワー","-","-","バイタル・ジェネレーター","カテゴリをサバイバル・アイテム（エピック）からパワーに変更/〈バリア・フィールド〉のライフが、ライフ最大値のボーナスに基づいて増えるようになりました/〈バリア・フィールド〉のライフの増加率が100%から250%に増加","","","","","","","","","","","","","","","","",2
"2025/06/25","ラインハルト","パワー","-","-","我が輩のもとへ！","ライフ最大値に基づく回復量が4%から5%に増加","","","","","","","","","","","","","","","","",2
"2025/06/25","シグマ","-","-","-","-","スタジアムのヒーロー・ラインナップに追加","","","","","","","","","","","","","","","","",1
"2025/06/25","シグマ","パワー","-","-","ゼログラビティ","いずれかのアビリティの使用後2.5秒間、浮遊能力を得る","","","","","","","","","","","","","","","","",1
"2025/06/25","シグマ","パワー","-","-","ハイパーループ","〈ハイパースフィア〉が直撃すると、〈アクリーション〉のクールダウンが0.5秒短くなる","","","","","","","","","","","","","","","","",1
"2025/06/25","シグマ","パワー","-","-","トリニスフィア","〈ハイパースフィア〉に、ダメージが50%少ない3つ目の球が追加される","","","","","","","","","","","","","","","","",1
"2025/06/25","シグマ","パワー","-","-","事象の地平面","〈キネティック・グラスプ〉でダメージを吸収すると、〈エクスペリメンタル・バリア〉のライフも回復する余剰分は追加ライフに変換される","","","","","","","","","","","","","","","","",1
"2025/06/25","シグマ","パワー","-","-","オービタル・シンフォニー","〈キネティック・グラスプ〉終了時、吸収したダメージ100ごとに4秒間、攻撃速度が10%上がる。最大4回蓄積","","","","","","","","","","","","","","","","",1
"2025/06/25","シグマ","パワー","-","-","オービタル・バリア","自身の周囲を回る小型の〈エクスペリメンタル・バリア〉を1つ得るこのバリアのライフは通常のバリアより50%少ない","","","","","","","","","","","","","","","","",1
"2025/06/25","シグマ","パワー","-","-","フィルハーモニー","〈エクスペリメンタル・バリア〉の最大ライフが25%増え、継続的にバリアのライフが回復するが、バリア展開中の移動速度が50%下がる","","","","","","","","","","","","","","","","",1
"2025/06/25","シグマ","パワー","-","-","マス・ドライバー","〈エクスペリメンタル・バリア〉を通過した〈アクリーション〉の弾速が300%上がり、ダメージが20%増える","","","","","","","","","","","","","","","","",1
"2025/06/25","シグマ","パワー","-","-","シンギュラリティ","〈アクリーション〉の爆発ダメージが25%増え、爆発の中心に敵が引き寄せられる","","","","","","","","","","","","","","","","",1
"2025/06/25","シグマ","パワー","-","-","重力のマエストロ","アルティメットのコストが50%減少/グラビティ・フラックスの範囲が50%減少","","","","","","","","","","","","","","","","",1
"2025/06/25","シグマ","パワー","-","-","オービタル・スフィア","いずれかのアビリティを使用すると、自身の周囲を回る〈ハイパースフィア〉を2個生成する。この〈ハイパースフィア〉が与えるダメージは50%少ない","","","","","","","","","","","","","","","","",1
"2025/06/25","シグマ","パワー","-","-","天体物理の力","クイック近接攻撃をヒットさせた敵が1秒間空中に浮く（クールダウン10秒）","","","","","","","","","","","","","","","","",1
"2025/06/25","シグマ","アイテム","武器","レア","ヴェロシティ・ブースト","攻撃速度が10%上昇/〈ハイパースフィア〉の射程が15%延長/コスト：4,500","","","","","","","","","","","","","","","","",1
"2025/06/25","シグマ","アイテム","武器","レア","グラビティ・アンプリファイア","武器パワーが10%増加/アビリティ・パワーが5%増加/〈グラビティ・フラックス〉による敵の浮遊時間が20%延長効果を受けた敵が〈ハイパースフィア〉で受けるダメージが25%増加/コスト：5,000","","","","","","","","","","","","","","","","",1
"2025/06/25","シグマ","アイテム","アビリティ","レア","同期シールド","シールドが25増加/〈エクスペリメンタル・バリア〉の後ろにいる間、武器パワーと攻撃速度が5%増加/〈エクスペリメンタル・バリア〉の前にいる間、移動速度とライフ吸収が5%増加/コスト：4,500","","","","","","","","","","","","","","","","",1
"2025/06/25","シグマ","アイテム","サバイバル","レア","ビーム・スプリッター","シールドが25増加/クールダウンが5%短縮/〈キネティック・グラスプ〉発動中、敵から受けるビームのダメージを50%軽減する/コスト：4,000","","","","","","","","","","","","","","","","",1
"2025/06/25","シグマ","アイテム","武器","エピック","反物質ブースト","武器パワーが15%増加/〈ハイパースフィア〉の爆発半径が35%拡大/コスト：10,000","","","","","","","","","","","","","","","","",1
"2025/06/25","シグマ","アイテム","アビリティ","エピック","枷の力","アビリティ・パワーが25%増加/〈アクリーション〉の爆発半径が50%拡大/コスト：11,000","","","","","","","","","","","","","","","","",1
"2025/06/25","シグマ","アイテム","サバイバル","エピック","デ・カイパー理論","シールドが50増加/〈エクスペリメンタル・バリア〉で、近くの味方が1秒ごとに、シグマのライフの3%分回復する/コスト：11,000","","","","","","","","","","","","","","","","",1
"2025/06/25","ザリア","パッシブ","-","-","エネルギー","バリアのライフに関係なく、各バリアから最大45のエネルギーを獲得できます","","","","","","","","","","","","","","","","",2
"2025/06/25","ザリア","パワー","-","-","バリア・ベネフィット","バリアのライフ残量に基づく追加ライフの最大増加率が50%から100%に増加/持続時間が3秒から2秒に短縮","","","","","","","","","","","","","","","","",2
"2025/06/25","ザリア","パワー","-","-","バイオティック・シールド","効果「バリアでライフを20回復（エネルギーに応じて回復量増加）」を削除/効果を「〈バリア〉で対象のライフが毎秒ザリアのライフ最大値の5%分回復」に変更","","","","","","","","","","","","","","","","",2
"2025/06/25","ザリア","パワー","-","-","核分裂フィールド","得られるエネルギー最大量の減少率が25%になりました","","","","","","","","","","","","","","","","",2
"2025/06/25","ザリア","パワー","-","-","ライフ・リフト","〈バリア〉のライフが、アイテムから得たライフ最大値のボーナスのみに基づいて増えるようになりました/バリアのライフ・ボーナスが、アイテムから得たライフ最大値の25%から50%に増加","","","","","","","","","","","","","","","","",2
"2025/06/25","ザリア","パワー","-","-","ノーリミット","最大エネルギーが150から125に減少","","","","","","","","","","","","","","","","",2
"2025/06/25","ザリア","パワー","-","-","ヴォルスカヤ・ヴォルテックス","「ヴォルスカヤ・ヴォルテックス」の渦からアルティメット・チャージを獲得できなかった不具合を修正/ダメージが100から80に減少","","","","","","","","","","","","","","","","",2
"2025/06/25","ザリア","アイテム","武器","エピック","ビッグ・ビーム","コストが11,000から12,000に増加","12000","","","","","","","","","","","","","","","",2
"2025/06/25","ザリア","アイテム","アビリティ","エピック","超電導ユニット","〈バリア〉持続時間の延長を削除/効果を「〈パーティクル・バリア〉が破壊されるか無効になると、〈パーティクル・バリア〉で軽減したダメージの50%分の追加ライフを得る。この追加ライフは、時間とともに減っていく」に変更","","","","","","","","","","","","","","","","",2
"2025/06/25","ザリア","アイテム","アビリティ","エピック","リンクス・データドライブ","効果「〈バリア・ショット〉を味方に使用するとクールダウンの20%を短縮」を削除/効果を「〈バリア・ショット〉で軽減したダメージの30分ライフが回復する」に変更","","","","","","","","","","","","","","","","",2
"2025/06/25","アッシュ","パワー","-","-","B.O.B.ジュニア","持続時間が20秒から10秒に短縮","","","","","","","","","","","","","","","","+10",2
"2025/06/25","アッシュ","パワー","-","-","リロード・セラピー","コイン生成の効果を削除","","","","","","","","","","","","","","","","",2
"2025/06/25","アッシュ","アイテム","サバイバル","レア","白銀の拍車","コイン生成の効果を削除","","","","","","","","","","","","","","","","",2
"2025/06/25","キャスディ","サブ攻撃","-","-","ファニング撃ち","（スタジアム限定）6発目以降の弾の拡散率が増加","","","","","","","","","","","","","","","","",2
"2025/06/25","キャスディ","パワー","-","-","デッドマン・ウォーキング","クリティカル時にトドメを刺すことで、弾薬のボーナスを得られるようになりました/弾薬数ボーナスの最大値を4に設定","","","","","","","","","","","","","","","","",2
"2025/06/25","キャスディ","パワー","-","-","鉛の雨に飛び込め","ダメージの軽減率が50%から25%に減少。〈コンバット・ロール〉中のダメージの合計軽減率を75%に変更","","","","","","","","","","","","","","","","",2
"2025/06/25","フレイヤ","-","-","-","-","ダメージと回復で得られるキャッシュの獲得量が13.3%増加","","","","","","","","","","","","","","","","",2
"2025/06/25","フレイヤ","パワー","-","-","リトル・トラップ","ダメージの減少率を60%から50%に変更/ミニ版〈ボーラ・ショット〉の範囲を25%縮小/ミニ版〈ボーラ・ショット〉のVFXを抑えて、視認性を改善/これまでの変更内容を反映した説明文を導入","","","","","","","","","","","","","","","","",2
"2025/06/25","フレイヤ","アイテム","サバイバル","レア","狩人の刻印","武器パワー+5%の効果を追加/バウンティ750以上の敵にトドメを刺した際のボーナス・キャッシュが250から350に増加","","","","","5","","","","","","","","","","","",2
"2025/06/25","ゲンジ","パワー","-","-","仕込み刀","クイック近接攻撃のダメージが25から15に減少/近接攻撃でのライフ吸収率が50%から60%に増加","","","","","","","","","","","","","","","","",2
"2025/06/25","ゲンジ","アイテム","武器","エピック","奇襲用センサー","コストが10,000から11,000に増加","11000","","","","","","","","","","","","","","","",2
"2025/06/25","ゲンジ","パワー","-","-","刀の傷","継続ダメージが〈風斬り〉のダメージ25%分から35%分に増加/このパワーにアビリティ由来のライフ吸収が反映されない不具合を修正","","","","","","","","","","","","","","","","",2
"2025/06/25","ゲンジ","アイテム","アビリティ","エピック","抜き一文字","アビリティ・パワーの獲得量が10%から15%に増加","","","","","","15","","","","","","","","","","",2
"2025/06/25","ジャンクラット","-","-","-","-","スタジアムのヒーロー・ラインナップに追加","","","","","","","","","","","","","","","","",1
"2025/06/25","ジャンクラット","パワー","-","-","おまけにもう1発！","〈フラグ・ランチャー〉から25%の確率で、ダメージが66%少ない追加の弾を1発発射する","","","","","","","","","","","","","","","","",1
"2025/06/25","ジャンクラット","パワー","-","-","ビッグバン","バウンドした〈フラグ・ランチャー〉の弾が33%強大化する","","","","","","","","","","","","","","","","",1
"2025/06/25","ジャンクラット","パワー","-","-","煤だらけのファイター","〈コンカッション・マイン〉を起爆すると1.5秒間、攻撃速度が15%上がり、弾薬が20%回復する","","","","","","","","","","","","","","","","",1
"2025/06/25","ジャンクラット","パワー","-","-","ファイア・フラグ","〈フラグ・ランチャー〉の弾がバウンドなしで直撃した敵を炎上させ、2秒間追加の継続ダメージを20%与える","","","","","","","","","","","","","","","","",1
"2025/06/25","ジャンクラット","パワー","-","-","クール・フラグ","〈フラグ・ランチャー〉の弾をバウンドなしで直撃させると、すべてのアビリティのクールダウンが25%短くなる","","","","","","","","","","","","","","","","",1
"2025/06/25","ジャンクラット","パワー","-","-","セットでお届け","〈スティール・トラップ〉のチャージが1増える","","","","","","","","","","","","","","","","",1
"2025/06/25","ジャンクラット","パワー","-","-","トラップ・イン・ザ・ボム","コンカッション・マイン〉を設置から0.5秒以上経過してから起爆すると、敵の動きを止める効果がない代わりに、移動速度を遅くするミニ〈スティール・トラップ〉が出現する","","","","","","","","","","","","","","","","",1
"2025/06/25","ジャンクラット","パワー","-","-","爆裂パンチ","クイック近接攻撃が爆発して、クイック近接攻撃の最大100%分のダメージを与えると同時に、自身と近くの敵がノックバックする（クールダウンは10秒）","","","","","","","","","","","","","","","","",1
"2025/06/25","ジャンクラット","パワー","-","-","ホップ！ステップ！","〈コンカッション・マイン〉を使ってジャンプすると、着地地点で効果が50%低い〈コンカッション・マイン〉が起爆する","","","","","","","","","","","","","","","","",1
"2025/06/25","ジャンクラット","パワー","-","-","ボムボム・レイン","自身を吹き飛ばして空中にいる間、ダメージが25%少ない〈トータル・メイヘム〉の爆弾を0.4秒ごとに1個落とす","","","","","","","","","","","","","","","","",1
"2025/06/25","ジャンクラット","パワー","-","-","サプライズ・プレゼント","〈トータル・メイヘム〉爆発範囲が20%広がり、〈トータル・メイヘム〉の爆弾の数がランダムに増える","","","","","","","","","","","","","","","","",1
"2025/06/25","ジャンクラット","パワー","-","-","RIPロール","アルティメットのコストが20%減少/アルティメット中、RIPタイヤの中に入り、タイヤが破壊されるか起爆すると飛び出す","","","","","","","","","","","","","","","","",1
"2025/06/25","ジャンクラット","アイテム","武器","レア","モア・バウンス","ライフ+25/攻撃速度が5%上昇/〈フラグ・ランチャー〉バウンド距離25%増加/コスト：4,500","","","","","","","","","","","","","","","","",1
"2025/06/25","ジャンクラット","アイテム","武器","レア","スパイク・グローブ","ライフ+25/武器パワーが5%増加/空中にいる敵に対して、ダメージが10%、クイック近接攻撃のダメージが25%上がる/コスト：4,500","","","","","","","","","","","","","","","","",1
"2025/06/25","ジャンクラット","アイテム","アビリティ","レア","スーパーIED","ライフ吸収率10%/開始時のアルティメット・チャージ率が10%増加/〈RIPタイヤ〉が爆発してから0.5秒後に〈トータル・メイヘム〉が発動する/コスト：4,000","","","","","","","","","","","","","","","","",1
"2025/06/25","ジャンクラット","アイテム","アビリティ","レア","スピード配達","アビリティ・パワーが5%増加/〈スティール・トラップ〉のライフが50%増加/〈スティール・トラップ〉が破壊されると、同アビリティのクールダウンが33%短くなる/コスト：4,000","","","","","","","","","","","","","","","","",1
"2025/06/25","ジャンクラット","アイテム","サバイバル","レア","サーマル・トラップ","ライフが25増加/〈スティール・トラップ〉に敵がかかると、3秒間移動速度25%が、攻撃速度が10%上がると同時に、かかった敵の位置が明らかになる/コスト：4,000","","","","","","","","","","","","","","","","",1
"2025/06/25","ジャンクラット","アイテム","アビリティ","エピック","メイヘム＆チャージ","ライフが50増加/アビリティ・パワーが10%増加/〈トータル・メイヘム〉でダメージを与えると、アルティメット・チャージを3%得る/コスト：10,000","","","","","","","","","","","","","","","","",1
"2025/06/25","ジャンクラット","アイテム","アビリティ","エピック","フォークス特製火薬","アビリティ・パワーが10%増加/ライフ吸収率10%/〈コンカッション・マイン〉爆発半径15%拡大/〈コンカッション・マイン〉を5メートル上空で起爆すると、爆発範囲が25%広がる/コスト：10,000","","","","","","","","","","","","","","","","",1
"2025/06/25","ジャンクラット","アイテム","アビリティ","エピック","フレーム軽量化","ライフが25増加/〈スティール・トラップ〉投擲距離50%増加/〈スティール・トラップ〉を発動させた敵が、3秒間にわたって炎上し、50アビリティ・ダメージを受ける/コスト：10,000","","","","","","","","","","","","","","","","",1
"2025/06/25","ジャンクラット","アイテム","サバイバル","エピック","ジェイミソン・ザ・ジャンパー","武器パワーが10%増加/アビリティ・パワーが10%増加/〈コンカッション・マイン〉のノックバック距離（自身）が20%増加/コスト：10,000","","","","","","","","","","","","","","","","",1
"2025/06/25","ジャンクラット","アイテム","サバイバル","エピック","強化マイン","クールダウン短縮率が10%増加/〈コンカッション・マイン〉のライフが50%増加/コンカッション・マイン〉の爆発にターゲットが1人当たるごとに、ライフ最大値の5%分の追加ライフを3秒間得る/コスト：10,000","","","","","","","","","","","","","","","","",1
"2025/06/25","メイ","パワー","-","-","アバランチ","削除しました","","","","","","","","","","","","","","","","","3"
"2025/06/25","メイ","パワー","-","-","コールド・ブラスター","新パワー/〈ブリザード〉範囲内の敵に対する〈凍結ブラスター〉のメイン攻撃のダメージが20%増える","","","","","","","","","","","","","","","","",1
"2025/06/25","メイ","パワー","-","-","永久凍土","アビリティ・パワーが30%上回っている間、メイの大きさが15%拡大","","","","","","","","","","","","","","","","",2
"2025/06/25","メイ","アイテム","武器","エピック","ヒマラヤの頂","攻撃速度の上昇率が10%から15%に増加","","","","","","","15","","","","","","","","","",2
"2025/06/25","リーパー","パワー","-","-","搾取の舞","〈シャドウ・ステップ〉発動所要時間30%短縮の効果を追加","","","","","","","","","","","","","","","","",2
"2025/06/25","リーパー","パワー","-","-","死霊復活","回復量が10%から7%に減少","","","","","","","","","","","","","","","","",2
"2025/06/25","リーパー","パッシブ","-","-","ザ・リーピング","〈ザ・リーピング〉のライフ吸収による回復でキャッシュを獲得できていた不具合を修正","","","","","","","","","","","","","","","","",2
"2025/06/25","リーパー","アイテム","武器","レア","影の住人","カテゴリをエピックからレアに変更/〈シャドウ・ステップ〉発動所要時間30%短縮の効果を削除/コスト：3,750/武器パワー+5%、移動速度+5%。アビリティ使用後に近くの敵の居場所が3秒間表示される仕様に変更","3750","","","","5","","5","","","","","","","","","",2
"2025/06/25","リーパー","アイテム","アビリティ","レア","クラウド・コントロール","カテゴリをエピックからレアに変更/アビリティ・パワーをライフ吸収（アビリティ）10%に変更/ターゲットごとのアビリティ・パワー獲得率が5%から4%に減少/コスト：4,000/このアイテムの効果が〈デス・ステップ〉で発動した〈デス・ブロッサム〉に反映されていなかった不具合を修正","4000","","","","","0","","","","","10","","","","","",2
"2025/06/25","リーパー","アイテム","アビリティ","エピック","破滅の亡霊","移動速度の上昇が〈デス・ステップ〉で発動した〈デス・ブロッサム〉に反映されていなかった不具合を修正","","","","","","","","","","","","","","","","",2
"2025/06/25","リーパー","アイテム","アビリティ","エピック","紅の外套","カテゴリをサバイバル・アイテムからアビリティ・アイテムに変更/効果を「〈デス・ブロッサム〉を発動すると、その射程内にいる敵1人ごとにライフ最大値の5%分の追加ライフを得る」に変更/コストが9,500に減少","9500","","","","","","","","","","","","","","","",2
"2025/06/25","リーパー","アイテム","サバイバル","レア","蹂躙","ライフ吸収（アビリティ）をライフ+25に変更/得られるライフの上限が100から75に減少/コストが4,000から3,750に減少","3750","25","","","","","","","","","","","","","","",2
"2025/06/25","ソルジャー76","パワー","-","-","前線兵","複数の〈バイオティック・フィールド〉を同時に発動することで、追加ライフが累積するようになりました/ライフ最大値ごとの追加ライフが30%から25%に減少","","","","","","","","","","","","","","","","",2
"2025/06/25","アナ","アイテム","アビリティ","レア","ダブル・ドーズ","敵に対してのみ機能するように変更。最大30%（累積はしません）/クールダウンが35%から30%に減少","","","","","","","","","","","","","","","","",2
"2025/06/25","ジュノ","アイテム","-","-","回避グライド","削除しました","","","","","","","","","","","","","","","","","3"
"2025/06/25","ジュノ","アイテム","サバイバル","エピック","ロックオン・シールド","レア度をレアからエピックに変更/コストを4,000から12,000に変更/効果を「〈グライド・ブースト〉の使用中に受けるダメージが10%減る」に変更","12000","","","","","","","","","","","","","","","",2
"2025/06/25","ジュノ","パワー","-","-","メディミサイル","回復量30増加の効果を削除","","","","","","","","","","","","","","","","",2
"2025/06/25","キリコ","パワー","-","-","ヒーリング・シフト","回復量が80から120に増加/アビリティ・パワー+10%の効果をクールダウン10%短縮に変更","","","","","","0","","10","","","","","","","","",2
"2025/06/25","キリコ","パワー","-","-","三重の刃","拡散範囲を50%縮小","","","","","","","","","","","","","","","","",2
"2025/06/25","キリコ","パワー","-","-","自己快気","効果を「〈快気の御札〉を1枚飛ばすごとに、ライフ最大値の3%分、自己回復する」に変更","","","","","","","","","","","","","","","","",2
"2025/06/25","ルシオ","パワー","-","-","ファン・サービス","回復量を、「〈クロスフェード〉回復量の100%」から20に変更（〈アンプ・イット・アップ〉発動中は回復量が2倍に増加）","","","","","","","","","","","","","","","","",2
"2025/06/25","ルシオ","パワー","-","-","ヴィヴァーチェ","効果「〈ウォール・ライド〉中、〈サウンドウェーブ〉のクールダウンが25%縮まる。また、〈ウォール・ライド〉1秒ごとに、最大弾薬数が1増える」を削除/効果を「〈ウォール・ライド〉を1秒行うごとに、移動速度が3%、攻撃速度が1.5%上がる。効果は5秒間持続し、最大10回まで累積」に変更","","","","","","","","","","","","","","","","",2
"2025/06/25","ルシオ","パワー","-","-","ソニック・ブーム","クイック近接攻撃でダメージを与えることで回復するようになりました","","","","","","","","","","","","","","","","",2
"2025/06/25","ゼニヤッタ","-","-","-","-","スタジアムのヒーロー・ラインナップに追加","","","","","","","","","","","","","","","","",1
"2025/06/25","ゼニヤッタ","パワー","-","-","旋風脚","空中にいる間、クイック近接攻撃がダッシュ・キックになり、敵を壁に叩きつけるとスタンさせる（クールダウン5秒）","","","","","","","","","","","","","","","","",1
"2025/06/25","ゼニヤッタ","パワー","-","-","破壊のマントラ","〈破壊のオーブ〉（サブ攻撃）の最大チャージ数が3増える","","","","","","","","","","","","","","","","",1
"2025/06/25","ゼニヤッタ","パワー","-","-","救済の追求","〈ライフが35%未満の敵に照準を合わせて〈破壊のオーブ〉（サブ攻撃）を使うと、弾が敵を追尾する","","","","","","","","","","","","","","","","",1
"2025/06/25","ゼニヤッタ","パワー","-","-","還流","〈調和のオーブ〉をもう1つ付与できるが、それぞれの回復量は45%下がる","","","","","","","","","","","","","","","","",1
"2025/06/25","ゼニヤッタ","パワー","-","-","信ずるものに力を","〈調和のオーブ〉を付与したターゲットへの射線が切れてからオーブが外れるまでの時間が5秒長くなる","","","","","","","","","","","","","","","","",1
"2025/06/25","ゼニヤッタ","パワー","-","-","内なる平穏","自身に〈調和のオーブ〉が1つ永続的に付与される。ただし、その回復量は75%少ない","","","","","","","","","","","","","","","","",1
"2025/06/25","ゼニヤッタ","パワー","-","-","不和と業","〈不和のオーブ〉を付与しているターゲットにクリティカル・ヒットを与えると、当てた〈破壊のオーブ〉が爆発し、50ダメージ（アビリティ・パワー）を与える","","","","","","","","","","","","","","","","",1
"2025/06/25","ゼニヤッタ","パワー","-","-","蝕む邪念","〈不和のオーブ〉をターゲットに付与すると、その相手に5秒間かけて50の継続ダメージ（アビリティ・パワー）を与える","","","","","","","","","","","","","","","","",1
"2025/06/25","ゼニヤッタ","パワー","-","-","巡る因果","〈不和のオーブ〉を付与しているターゲットからダメージを受けると、そのダメージの30%分を2秒間かけて回復する","","","","","","","","","","","","","","","","",1
"2025/06/25","ゼニヤッタ","パワー","-","-","邪念の輪","〈心頭滅却〉の発動中、範囲内の敵全員に〈不和のオーブ〉を付与する","","","","","","","","","","","","","","","","",1
"2025/06/25","ゼニヤッタ","パワー","-","-","没我の舵","〈心頭滅却〉を途中でキャンセルしてアルティメット・チャージを最大で65%節約できる","","","","","","","","","","","","","","","","",1
"2025/06/25","ゼニヤッタ","アイテム","アビリティ","レア","天空に祝福あれ","アビリティ・パワーが10%増加/空中の味方に対して〈調和のオーブ〉の回復量が15%増える/コスト：4,000","","","","","","","","","","","","","","","","",1
"2025/06/25","ゼニヤッタ","アイテム","アビリティ","レア","サティヤの機知","アビリティ・パワーが10%増加/移動速度が10%上昇/〈心頭滅却〉の発動中、その効果範囲が1秒ごとに1メートル広がる/コスト：4,000","","","","","","","","","","","","","","","","",1
"2025/06/25","ゼニヤッタ","アイテム","サバイバル","レア","智慧の足袋","移動速度が10%上昇/空中でジャンプを長押しすると、最大3秒間ホバリングする/コスト：4,000","","","","","","","","","","","","","","","","",1
"2025/06/25","ゼニヤッタ","アイテム","サバイバル","レア","情の転移","シールド25増加/〈破壊のオーブ〉（サブ攻撃）でオーブをチャージすると、自身のライフが3%回復する/コスト：4,000","","","","","","","","","","","","","","","","",1
"2025/06/25","ゼニヤッタ","アイテム","サバイバル","レア","不和の忘れ形見","アーマーが25増加/〈不和のオーブ〉を付与している敵をキルすると、そのラウンドが終わるまでのアーマー5を得る。最大50獲得/コスト：4,500","","","","","","","","","","","","","","","","",1
"2025/06/25","ゼニヤッタ","アイテム","武器","エピック","高速処理","攻撃速度が15%上昇/〈調和のオーブ〉または〈不和のオーブ〉の使用後3秒間、弾速が100%上がる/コスト：11,000","","","","","","","","","","","","","","","","",1
"2025/06/25","ゼニヤッタ","アイテム","武器","エピック","師弟の双手","武器パワーが10%増加/攻撃速度が10%上昇/〈破壊のオーブ〉（サブ攻撃）のチャージ時間が20%早くなる/コスト：12,000","","","","","","","","","","","","","","","","",1
"2025/06/25","ゼニヤッタ","アイテム","武器","エピック","知覚のオーブ","武器パワーが15%増加/アビリティ・パワーが15%増加/〈不和のオーブ〉を付与しているターゲットの位置が明らかになる/コスト：11,000","","","","","","","","","","","","","","","","",1
"2025/06/25","ゼニヤッタ","アイテム","アビリティ","エピック","増幅の腕珠","アビリティ・パワーが10%増加/ターゲットとの距離が近ければ近いほど、回復量が最大20%上がる/コスト：11,000","","","","","","","","","","","","","","","","",1
"2025/06/25","ゼニヤッタ","アイテム","アビリティ","エピック","回向","アビリティ・パワーが15%増加/開始時のアルティメット・チャージ率が15%増加/〈心頭滅却〉の範囲内にいる味方のクールダウンが15%早くなる/コスト：12,000","","","","","","","","","","","","","","","","",1
"2025/06/25","ゼニヤッタ","アイテム","アビリティ","エピック","モンデッタの真言","〈心頭滅却〉の持続時間が30%延長/〈心頭滅却〉の使用後、同アビリティの回復量100%分の追加ライフを得る/コスト：11,000","","","","","","","","","","","","","","","","",1
"2025/06/25","ゼニヤッタ","アイテム","サバイバル","エピック","黄金行者","アーマーが50増加/自身のアーマー50ごとに、クイック近接攻撃のダメージが5%上がる/コスト：10,000","","","","","","","","","","","","","","","","",1
"2025/06/25","ゼニヤッタ","アイテム","サバイバル","エピック","僧侶の波動","アーマーが50増加/自身のシールドが切れると、近くの敵をノックバックさせ、80ダメージ与える。シールドの完全回復後、6秒経過すると再び使用可能/コスト：10,000","","","","","","","","","","","","","","","","",1
"2025/06/25","ゼニヤッタ","アイテム","サバイバル","エピック","師の庇護","シールドが50増加/〈調和のオーブ〉の影響下の味方が受けるアビリティ・ダメージが10%減る/コスト：10,000","","","","","","","","","","","","","","","","",1
"2025/06/25","共通アイテム","アイテム","武器","エピック","対空MOD","新アイテム/シールドが25増加/攻撃速度が10%上昇/空中の敵に対して武器でダメージを与えると、その相手に3秒間かけて25%の追加ダメージを与える/コスト：10,000","","","","","","","","","","","","","","","","",1
"2025/06/25","共通アイテム","アイテム","サバイバル","エピック","オーバードライブ・コア","新アイテム/シールドが25増加/武器パワーが10%増加/ライフが最大値の30%を下回るまでダメージを受けると、減衰する追加ライフ300を得る。次のリスポーンまで一度だけ発動/コスト：10,000","","","","","","","","","","","","","","","","",1
"2025/06/25","共通アイテム","アイテム","アビリティ","エピック","ソニック・リチャージ","新アイテム/シールドが25増加/アビリティ・パワーが10%増加/ライフ自動回復のパッシブで、最大75の追加ライフを得る/コスト：9,500","","","","","","","","","","","","","","","","",1
"2025/06/25","共通アイテム","アイテム","アビリティ","レア","バイタル・アンプリフィケーション","新アイテム/シールドが25増加/ライフ吸収が10%増加/自身のライフが80%以上のとき、アビリティ・パワーが10%増える/コスト：4,500","","","","","","","","","","","","","","","","",1
"2025/06/25","共通アイテム","アイテム","武器","レア","エマージェンシー・チップ","新アイテム/シールドが25増加/武器パワーが5%増加/ライフが150を下回っている間、武器に15%のライフ吸収効果が付く/コスト：4,500","","","","","","","","","","","","","","","","",1
"2025/06/25","共通アイテム","アイテム","サバイバル","コモン","イオン・ブースト","コストが1,500から1,000に減少","1000","","","","","","","","","","","","","","","",2
"2025/06/25","共通アイテム","アイテム","サバイバル","レア","鋼鉄の眼差し","コストが4,500から4,000に減少","4000","","","","","","","","","","","","","","","",2
"2025/06/25","共通アイテム","アイテム","武器","エピック","弾薬回収","コストが9,500から9,000に減少","9000","","","","","","","","","","","","","","","",2
"2025/06/25","共通アイテム","アイテム","サバイバル","レア","衝撃吸収材","コストが4,000から3,750に減少","3750","","","","","","","","","","","","","","","",2
"2025/06/25","共通アイテム","アイテム","アビリティ","レア","バイオライト・オーバーフロー","追加ライフが50から75に増加","","","","","","","","","","","","","","","","",2
"2025/06/25","共通アイテム","アイテム","サバイバル","エピック","神聖なる救済","100以上のダメージを受けたときのライフ回復量が15%から20%に増加/ゼニヤッタの〈旋風脚〉、メイの〈スノーボール・フライト〉、アナの〈ダッシュ・ブーツ〉で効果が発動するようになりました","","","","","","","","","","","","","","","","",2
"2025/06/28","キリコ","パワー","-","-","分身の魔法","持続時間が5秒から2.5秒に短縮","","","","","","","","","","","","","","","","",2
"2025/07/09","D.VA","パワー","-","-","トッキ・スラム","「トッキ・スラム」のダメージ倍率が20%から30%に増加","","","","","","","","","","","","","","","","",2
"2025/07/09","ジャンクラット","-","-","-","-","ダメージと回復で得られるキャッシュの獲得量が11.11%増加","","","","","","","","","","","","","","","","",2
"2025/07/09","ジャンクラット","パワー","-","-","セットでお届け","チャージ数が1の状態で〈スティール・トラップ〉を使用すると、チャージの増加分までが消費されてしまう不具合を修正","","","","","","","","","","","","","","","","",2
"2025/07/09","ジャンクラット","パワー","-","-","ホップ！ステップ！","ダメージの減少率を50%から30%に変更","","","","","","","","","","","","","","","","",2
"2025/07/09","ジャンクラット","パワー","-","-","ボムボム・レイン","爆弾を落とす間隔が0.4秒から0.3秒に短縮","","","","","","","","","","","","","","","","",2
"2025/07/09","ジャンクラット","アイテム","アビリティ","エピック","フレーム軽量化","炎上ダメージが50から75に増加","","","","","","","","","","","","","","","","",2
"2025/07/09","ジャンクラット","アイテム","アビリティ","エピック","フォークス特製火薬","アビリティ・パワーの獲得量が10%から15%に増加/ライフ吸収率が10%から15%に増加","","","","","","15","","","","","15","","","","","",2
"2025/07/09","メイ","パワー","-","-","ダブル・アイス","「スノーボール・フライト」のクールダウンもリセットできるようになりました","","","","","","","","","","","","","","","","",2
"2025/07/09","アナ","パワー","-","-","我らの番","持続時間の減少率を50%から25%に変更","","","","","","","","","","","","","","","","",2
"2025/07/09","アナ","パワー","-","-","私の番","自身の〈ナノ・ブースト〉の持続時間が通常の50%から100%に増加","","","","","","","","","","","","","","","","",2
"2025/07/09","アナ","パワー","-","-","ポテンシャル最大化","アルティメット・チャージの獲得量が25%から35%に増加","","","","","","","","","","","","","","","","",2
"2025/07/09","アナ","パワー","-","-","タイム・アウト","速度低下の持続時間が1.5秒から2.5秒に延長","","","","","","","","","","","","","","","","",2
"2025/07/09","アナ","パワー","-","-","ヴェノム","継続ダメージが50から75に増加","","","","","","","","","","","","","","","","",2
"2025/07/09","ジュノ","パワー","-","-","ハイパー・ヒーラー","与える追加ライフが100から75に減少","","","","","","","","","","","","","","","","",2
"2025/07/09","ジュノ","パワー","-","-","ブリンク・ブースター","クールダウン短縮を65%から30%に減少","","","","","","","","","","","","","","","","",2
"2025/07/09","キリコ","パワー","-","-","分身の魔法","分身が与えられる回復量とダメージが65%減少/持続時間が2.5秒から4秒に延長","","","","","","","","","","","","","","","","",2
"2025/07/09","ゼニヤッタ","パワー","-","-","二重の調和","回復量の減少率を45%から40%に変更","","","","","","","","","","","","","","","","",2
"2025/07/09","ゼニヤッタ","パワー","-","-","信ずるものに力を","オーブの持続時間が5秒から10秒に延長","","","","","","","","","","","","","","","","",2
"2025/07/09","ゼニヤッタ","パワー","-","-","没我の舵","節約できるアルティメット・チャージの最大量が65%から75%に増加","","","","","","","","","","","","","","","","",2
"2025/07/23","-","システム","-","-","一般的なアップデート","アーマリー内のアビリティの詳細が常に表示されるようになりました。これに伴い、「アビリティの詳細を非表示にする」のオプションは削除しています","","","","","","","","","","","","","","","","",2
"2025/07/23","-","システム","-","-","三人称視点","アナとアッシュのスコープ用視点の仕様を変更 - 三人称視点からスコープ用視点へと移っている間、フェードアウトするようになりました/今後は三人称視点時にチームメイトと重なっていても、カメラがスムーズにフェードアウトしていきます","","","","","","","","","","","","","","","","",2
"2025/07/23","D.VA","パワー","-","-","トッキ・スラム","アーマーとシールドの両方がダメージ・スケーラーに反映されるようになりました","","","","","","","","","","","","","","","","",2
"2025/07/23","D.VA","パワー","-","-","メディカル・マトリックス","回復量がブロック量の30%から50%に増加","","","","","","","","","","","","","","","","",2
"2025/07/23","D.VA","アイテム","サバイバル","コモン","プリズム・アーマー","新ヒーロー・アイテム/+25アーマー/アーマーを持っている間、ビームのダメージを15%軽減できる/コスト：2,000","","","","","","","","","","","","","","","","",1
"2025/07/23","オリーサ","パワー","-","-","アドバンスト・スローボティクス","〈ジャベリン・スピン〉の発動から0.5秒後に〈エネルギー・ジャベリン〉が投射されるようになりました。ジャベリンが放たれる前にスピンをキャンセルすると、ジャベリンの投射もキャンセルされます","","","","","","","","","","","","","","","","",2
"2025/07/23","オリーサ","パワー","-","-","ジャベリン・キャプチャー","〈エネルギー・ジャベリン〉が敵に当たった場合、その敵を中心に、近くの敵が引き寄せられるようになりました（これまでは着弾地点が中心）/環境に当たった場合、着弾地点を中心に、近くの敵が引き寄せられます/バリアに当たった場合、引き寄せは発生しません","","","","","","","","","","","","","","","","",2
"2025/07/23","メイ","パワー","-","-","スノーボール","通常のサブ攻撃のヒットでも、移動速度低下の効果が発生するようになりました","","","","","","","","","","","","","","","","",2
"2025/07/23","アナ","アイテム","武器","エピック","リソース・マネージメント","武器パワー+15%の効果を追加","","","","","15","","","","","","","","","","","",2
"2025/07/23","ジュノ","パワー","-","-","一番星","持続時間延長のボーナスが35%から50%に増加","","","","","","","","","","","","","","","","",2
"2025/07/23","キリコ","パワー","-","-","分身の魔法","分身が与えた回復とダメージもキャッシュのボーナスに反映されるようになりました/分身が召喚から回復またはダメージを与えるまでの間に、短時間のタイムラグを設けました/分身のライフが減少。ライフはアビリティ・パワーを増強することで増やせます","","","","","","","","","","","","","","","","",2
"2025/07/23","キリコ","パワー","-","-","俊足","ターゲットの指定なしで使用した際の〈神出鬼没〉のクールダウンが30%増加","","","","","","","","","","","","","","","","",2
"2025/07/23","キリコ","パワー","-","-","狐火の刃","弾速を通常の〈クナイ〉のものに揃えました","","","","","","","","","","","","","","","","",2
"2025/07/23","共通アイテム","アイテム","サバイバル","レア","アイアンクラッド・エグゾースト","アビリティを使うたびに追加ライフの持続時間が更新されていたこれまでの仕様を廃止。今後、追加ライフの持続時間は蓄積分ごと独立します","","","","","","","","","","","","","","","","",2
"2025/07/25","D.VA","パワー","-","-","レジェンダリー・ロードアウト","ダメージ・ボーナスが350%から325%に減少","","","","","","","","","","","","","","","","",2
"2025/07/25","D.VA","パワー","-","-","自動カウンター・システム","〈マイクロ・ミサイル〉の自動発射に要するダメージ軽減量が100から150に増加","","","","","","","","","","","","","","","","",2
"2025/07/25","フレイヤ","パワー","-","-","リトル・トラップ","ミニ〈ボーラ・ショット〉のダメージ減少率が50%から40%に減少","","","","","","","","","","","","","","","","",2
"2025/07/25","フレイヤ","パワー","-","-","鎧袖一触","ダメージの持続時間が2秒から3秒に延長","","","","","","","","","","","","","","","","",2
"2025/07/25","メイ","パワー","-","-","スノーボール","移動速度低下率が30%から15%に減少","","","","","","","","","","","","","","","","",2
"2025/07/25","ジュノ","パワー","-","-","メディマスター","クリティカル・ヒット時のダメージ倍率が1.25から1.5に増加","","","","","","","","","","","","","","","","",2
"2025/08/08","シグマ","-","-","-","-","バリアのライフ・スカラーが100%から150%に増加/キャッシュの獲得で得られるバリアの追加ライフが増加","","","","","","","","","","","","","","","","",2
"2025/08/08","シグマ","パワー","-","-","ハイパーループ","クールダウン短縮のボーナスが0.5秒から0.8秒に延長","","","","","","","","","","","","","","","","",2
"2025/08/08","シグマ","パワー","-","-","シンギュラリティ","爆発ダメージのボーナスが25%から75%に増加","","","","","","","","","","","","","","","","",2
"2025/08/27","D.VA","パワー","-","-","トッキ・スラム","スラム攻撃のダメージが30%から25%に減少","","","","","","","","","","","","","","","","",2
"2025/08/27","D.VA","パワー","-","-","メディカル・マトリックス","回復への変換率が50%から40%に減少","","","","","","","","","","","","","","","","",2
"2025/08/27","ジャンカー・クイーン","パワー","-","-","慈悲なき刃","ロックオンの範囲が15メートルから25メートルに延長","","","","","","","","","","","","","","","","",2
"2025/08/27","ジャンカー・クイーン","パワー","-","-","ナイフ・ツイスト","傷の持続時間のボーナスが1秒から2秒に延長","","","","","","","","","","","","","","","","",2
"2025/08/27","ジャンカー・クイーン","パワー","-","-","ブレード・パレード","チャージにかかる時間が1秒から0.65秒に短縮","","","","","","","","","","","","","","","","",2
"2025/08/27","ジャンカー・クイーン","パワー","-","-","グレーシー、切り刻め！","ヒットした敵の動きが1秒間、35%遅くなる効果を追加","","","","","","","","","","","","","","","","",2
"2025/08/27","ジャンカー・クイーン","パワー","-","-","統率者の一撃","傷の持続時間が3秒から2秒に短縮/相手との距離を問わずに効果が発動するようになりました","","","","","","","","","","","","","","","","",2
"2025/08/27","ジャンカー・クイーン","パワー","-","-","闘いのスリル","味方の回復量が50%から100%に増加","","","","","","","","","","","","","","","","",2
"2025/08/27","ジャンカー・クイーン","アイテム","アビリティ","レア","ビッグ・マグネット","空中の敵を下へと引き込めるようになりました","","","","","","","","","","","","","","","","",2
"2025/08/27","シグマ","パワー","-","-","ゼログラビティ","浮遊中のダメージが10%軽減する効果を追加","","","","","","","","","","","","","","","","",2
"2025/08/27","シグマ","アイテム","アビリティ","エピック","枷の力","ライフ吸収効果+15%の効果を追加","","","","","","","","","","","15","","","","","",2
"2025/08/27","ウィンストン","-","-","-","-","スタジアムのヒーロー・ラインナップに追加","","","","","","","","","","","","","","","","",1
"2025/08/27","ウィンストン","パワー","-","-","サーキット・ブレイカー","電撃ダメージが5%増える。電撃ダメージ15%分の追加ライフを得る。最大100獲得","","","","","","","","","","","","","","","","",1
"2025/08/27","ウィンストン","パワー","-","-","流量強化","+20%〈テスラ・キャノン〉（メイン攻撃）最大射程/〈テスラ・キャノン〉のメイン攻撃が敵1人にヒットするごとに、同アビリティのダメージが3%増える","","","","","","","","","","","","","","","","",1
"2025/08/27","ウィンストン","パワー","-","-","ライトニング・ロッド","〈テスラ・キャノン〉のフルチャージしたサブ攻撃がヒットすると、6メートル以内にいる他のすべての敵に電撃が連鎖し、通常よりも50%少ないダメージを与える","","","","","","","","","","","","","","","","",1
"2025/08/27","ウィンストン","パワー","-","-","激烈ボルト","〈テスラ・キャノン〉のサブ攻撃がクリティカル・ヒットするようになり、175%のダメージを与える","","","","","","","","","","","","","","","","",1
"2025/08/27","ウィンストン","パワー","-","-","大きな飛躍","〈ジャンプ・パック〉の着地でダメージを受けた敵1人につき、追加で2%のアルティメット・チャージを得る。〈ジャンプ・パック〉使用中、1秒ごとにライフ最大値の5%分の追加ライフを得る。最大100","","","","","","","","","","","","","","","","",1
"2025/08/27","ウィンストン","パワー","-","-","月面着陸","〈ジャンプ・パック〉の着地で敵1人がダメージを受けるたびに、ライフ最大値の7%分回復する","","","","","","","","","","","","","","","","",1
"2025/08/27","ウィンストン","パワー","-","-","プリーモ・パンチ","近接攻撃または〈ジャンプ・パック〉で敵をキルすると、〈ジャンプ・パック〉のクールダウンがリセットされる/25アーマーにつき、近接攻撃のダメージが5%増える","","","","","","","","","","","","","","","","",1
"2025/08/27","ウィンストン","パワー","-","-","ポケット・プロジェクター","〈バリア・プロジェクター〉を展開すると、5%ライフのミニ〈バリア・プロジェクター〉を自身に装着する","","","","","","","","","","","","","","","","",1
"2025/08/27","ウィンストン","パワー","-","-","サージ・プロテクター","〈バリア・プロジェクター〉内の味方が毎秒25の一時的な追加ライフを得る。最大100","","","","","","","","","","","","","","","","",1
"2025/08/27","ウィンストン","パワー","-","-","テスラ・フィールド","〈バリア・プロジェクター〉の範囲内にいる敵は、毎秒40の電撃ダメージを受ける","","","","","","","","","","","","","","","","",1
"2025/08/27","ウィンストン","パワー","-","-","轟力落","〈ジャンプ・パック〉で滞空中にジャンプすると、前方に素早く叩きつけ攻撃を繰り出す。〈プライマル・レイジ〉発動中は叩きつける速度が50%上がる","","","","","","","","","","","","","","","","",1
"2025/08/27","ウィンストン","パワー","-","-","原始の剛皮","〈プライマル・レイジ〉発動時、アーマー最大値の100%分のアーマーを得る","","","","","","","","","","","","","","","","",1
"2025/08/27","ウィンストン","アイテム","武器","レア","電流コンバータ","+10%ライフ吸収（テスラ・キャノン）/〈テスラ・キャノン〉のサブ攻撃をヒットさせると、そのダメージ15%分の追加ライフを得る。最大100獲得/コスト：4,000","","","","","","","","","","","","","","","","",1
"2025/08/27","ウィンストン","アイテム","武器","レア","デストラクター","+15%最大弾薬数/タレットやバリアなどの設置型オブジェクトに対する〈テスラ・キャノン〉のダメージが50%増える/コスト：4,000","","","","","","","","","","","","","","","","",1
"2025/08/27","ウィンストン","アイテム","武器","エピック","ジブラルタル・ジェネレーター","+10%武器パワー/〈バリア・プロジェクター〉の内部にいる間、自身の武器パワーが10%上がる/コスト：10,000","","","","","","","","","","","","","","","","",1
"2025/08/27","ウィンストン","アイテム","武器","エピック","ハロルドの眼鏡","+15%最大弾薬数/タレットやバリアなどの設置型オブジェクトに対する〈テスラ・キャノン〉のダメージが50%増える/コスト：4,000","","","","","","","","","","","","","","","","",1
"2025/08/27","ウィンストン","アイテム","アビリティ","レア","無重力スーツ","+5%クールダウン短縮/+5%移動速度/〈ジャンプ・パック〉の発動後、次のジャンプの移動速度が2秒間50%速くなる/コスト：4,000","","","","","","","","","","","","","","","","",1
"2025/08/27","ウィンストン","アイテム","アビリティ","エピック","ホライゾン・エクスパンダー","+20%アビリティ・パワー/滞空中、〈ジャンプ・パック〉の着地エリアが最大100%広がる/コスト：11,000","","","","","","","","","","","","","","","","",1
"2025/08/27","ウィンストン","アイテム","アビリティ","エピック","プロトタイプ・バリア","+10%クールダウン短縮/〈バリア・プロジェクター〉が解除時に爆発し、近くの敵に25%の電撃ダメージを与える","","","","","","","","","","","","","","","","",1
"2025/08/27","ウィンストン","アイテム","アビリティ","エピック","ルーチェン製ランチャー","+50%〈プライマル・レイジ〉持続時間/+50%〈ジャンプ・パック〉基礎ダメージ/〈プライマル・レイジ〉発動中、〈ジャンプ・パック〉の基本ダメージが電撃になる。ダメージは滞空中、最大100%まで増える/コスト：12,000","","","","","","","","","","","","","","","","",1
"2025/08/27","ウィンストン","アイテム","サバイバル","コモン","ウィントン","+10ライフ/ラウンドに勝利すると、自身のみ追加のキャッシュを2,000獲得する/コスト：3,500","","","","","","","","","","","","","","","","",1
"2025/08/27","ウィンストン","アイテム","サバイバル","レア","最高級ピーナツ・バター","+25ライフ/〈ジャンプ・パック〉を使うと、すべての状態異常が消える/コスト：4,000","","","","","","","","","","","","","","","","",1
"2025/08/27","ウィンストン","アイテム","サバイバル","レア","スマート・アーマー","+25アーマー/ライフが50%を下回っている間、ショットガン（例：リーパー、ジャンカー・クイーン、D.Vaのメイン攻撃）で受けるダメージが25%減る/コスト：4,000","","","","","","","","","","","","","","","","",1
"2025/08/27","ウィンストン","アイテム","サバイバル","エピック","脱出フェーズ","+50アーマー/〈プライマル・レイジ〉の終了時、追加ライフを100得る/コスト：9,000","","","","","","","","","","","","","","","","",1
"2025/08/27","ウィンストン","アイテム","サバイバル","エピック","新類人猿の英知","+50%〈バリア・プロジェクター〉持続時間/〈バリア・プロジェクター〉のライフ最大値が300増える/コスト：10,000","","","","","","","","","","","","","","","","",1
"2025/08/27","ウィンストン","アイテム","サバイバル","エピック","超電導ユニット","+50アーマー/〈ジャンプ・パック〉中に受けるダメージが35%減る/コスト：10,000","","","","","","","","","","","","","","","","",1
"2025/08/27","アッシュ","パワー","-","-","頭領の一撃","リロードしても、ダメージ・ボーナスの蓄積を維持できるようになりました/ダメージ・ボーナスの最大量が30%から15%に減少","","","","","","","","","","","","","","","","",2
"2025/08/27","アッシュ","パワー","-","-","クイック・デトネーション","パワー「リロード・セラピー」との相互作用を削除しました。今後、弾を手動で込めた分だけ、ライフが回復します","","","","","","","","","","","","","","","","",2
"2025/08/27","キャスディ","パワー","-","-","朝焼け","移動速度低下の持続時間が1.5秒から2.5秒に延長","","","","","","","","","","","","","","","","",2
"2025/08/27","キャスディ","パワー","-","-","シンク・フラッシュ","〈フラッシュバン〉の妨害時間が50%伸びる効果を追加","","","","","","","","","","","","","","","","",2
"2025/08/27","キャスディ","パワー","-","-","空砲","得られるアルティメット・チャージが15%から20%に増加","","","","","","","","","","","","","","","","",2
"2025/08/27","キャスディ","パワー","-","-","クイック・ドロー","ロックオン可能な距離が9メートルから15メートルに延長","","","","","","","","","","","","","","","","",2
"2025/08/27","キャスディ","アイテム","サバイバル","レア","お尋ね者","空中の敵に対する〈デッド・アイ〉のダメージ・チャージ速度が35%上がる効果を追加","","","","","","","","","","","","","","","","",2
"2025/08/27","フレイヤ","-","-","-","-","ダメージと回復で得られるキャッシュが11.7%増加","","","","","","","","","","","","","","","","",2
"2025/08/27","メイ","アイテム","サバイバル","レア","消火","メイン攻撃を空中の敵に当てると1.5秒間、その敵の移動速度が35%遅くなる効果を追加","","","","","","","","","","","","","","","","",2
"2025/08/27","ファラ","-","-","-","-","スタジアムのヒーロー・ラインナップに追加","","","","","","","","","","","","","","","","",1
"2025/08/27","ファラ","パワー","-","-","回避機動","〈ジャンプ・ジェット〉の使用後、〈コンカッシブ・ブラスト〉に追尾機能が付く。直撃すると、敵の移動が1.5秒間妨害される","","","","","","","","","","","","","","","","",1
"2025/08/27","ファラ","パワー","-","-","エクストラ・チャージ","〈コンカッシブ・ブラスト〉のチャージ数が1増える","","","","","","","","","","","","","","","","",1
"2025/08/27","ファラ","パワー","-","-","ブラスト＆ロックオン","〈コンカッシブ・ブラスト〉で敵をノックバックさせると、その敵に向かって追尾式の小型ロケットが3発放たれる","","","","","","","","","","","","","","","","",1
"2025/08/27","ファラ","パワー","-","-","電撃砲火","〈バレッジ〉の使用中、移動速度が40%上がる/〈ジェット・ダッシュ〉の使用後、ロケットが60%少ない〈バレッジ〉を放つ","","","","","","","","","","","","","","","","",1
"2025/08/27","ファラ","パワー","-","-","カーペット・ボム","〈バレッジ〉の使用中、移動速度が40%上がる/〈バレッジ〉の持続時間が50%伸びる","","","","","","","","","","","","","","","","",1
"2025/08/27","ファラ","パワー","-","-","回生システム","小型ロケットに50%のライフ吸収（アビリティ）を付与する","","","","","","","","","","","","","","","","",1
"2025/08/27","ファラ","パワー","-","-","発射効率アップ","〈ロケット・ランチャー〉の直撃で、燃料を10得るほか、クールダウンも1秒減る","","","","","","","","","","","","","","","","",1
"2025/08/27","ファラ","パワー","-","-","予備タンク接続","〈ロケット・ランチャー〉が直撃すると、燃料の最大値が2増える。効果は永続的で、最大25回蓄積","","","","","","","","","","","","","","","","",1
"2025/08/27","ファラ","パワー","-","-","トリプル・ボレー","アビリティの使用後、次のメイン攻撃でロケットが3発放たれる。ロケットは1発ごとに40%のダメージを与える","","","","","","","","","","","","","","","","",1
"2025/08/27","ファラ","パワー","-","-","燃料変換","〈ジェット・ダッシュ〉のクールダウンが50%短くなる。ただし、ダッシュ時に燃料を65消費する","","","","","","","","","","","","","","","","",1
"2025/08/27","ファラ","パワー","-","-","赤外線誘導弾","〈ジェット・ダッシュ〉の使用後、次のメイン攻撃を敵にロックオンしながら撃てる","","","","","","","","","","","","","","","","",1
"2025/08/27","ファラ","パワー","-","-","スピード・キル","武器ダメージを与えてから3秒間、移動速度が5%、攻撃速度が3%上がる。最大6回、直撃で2倍蓄積","","","","","","","","","","","","","","","","",1
"2025/08/27","ファラ","アイテム","武器","エピック","ブラスト強化","+15%武器パワー/+25%〈ロケット・ランチャー〉爆発範囲/コスト：11,000","","","","","","","","","","","","","","","","",1
"2025/08/27","ファラ","アイテム","武器","エピック","高精度照準","+20%武器パワー/〈ロケット・ランチャー〉が直撃すると、弾薬数が1回復する/コスト：13,500","","","","","","","","","","","","","","","","",1
"2025/08/27","ファラ","アイテム","アビリティ","レア","カイロ式リカバリー","+25ライフ/+5%クールダウン短縮/〈コンカッシブ・ブラスト〉で自身をノックバックさせると、3秒間、移動速度が20%上がる/コスト：4,000","","","","","","","","","","","","","","","","",1
"2025/08/27","ファラ","アイテム","アビリティ","レア","オーバーチャージング・ブラスト","+10%アビリティ・パワー/+25%小型ロケット爆発範囲/コスト：4,000","","","","","","","","","","","","","","","","",1
"2025/08/27","ファラ","アイテム","アビリティ","エピック","ヘリックス製阻害弾","+20%アビリティ・パワー/〈コンカッシブ・ブラスト〉の効果を受けた敵の速度が2秒間20%遅くなる/コスト：11,000","","","","","","","","","","","","","","","","",1
"2025/08/27","ファラ","アイテム","サバイバル","レア","フライト・プラン","+25ライフ/〈ジャンプ・ジェット〉または〈ジェット・ダッシュ〉の使用後3秒間、追加ライフを25得る/コスト：4,500","","","","","","","","","","","","","","","","",1
"2025/08/27","ファラ","アイテム","サバイバル","レア","チューンド・タービン","+25ライフ/〈ホバー・ジェット〉の消費燃料が20%減る/コスト：4,500","","","","","","","","","","","","","","","","",1
"2025/08/27","ファラ","アイテム","サバイバル","エピック","突撃シールド","+25ライフ/+10%アビリティ・パワー/〈バレッジ〉の使用時、ライフ最大値25%分の追加ライフを3秒間得る/コスト：11,000","","","","","","","","","","","","","","","","",1
"2025/08/27","ファラ","アイテム","サバイバル","エピック","アナの狙撃支援","+50ライフ/〈ロケット・ランチャー〉が直撃すると3秒間、ライフ最大値の15%分回復する/コスト：12,000","","","","","","","","","","","","","","","","",1
"2025/08/27","アナ","-","-","-","-","ダメージと回復で得られるキャッシュが11%増加","","","","","","","","","","","","","","","","",2
"2025/08/27","アナ","パワー","-","-","ヴェノム","継続ダメージの持続時間を2秒に設定","","","","","","","","","","","","","","","","",2
"2025/08/27","アナ","アイテム","アビリティ","エピック","トランキライザー","クールダウン短縮+10%の効果を追加","","","","","","","","10","","","","","","","","",2
"2025/08/27","ブリギッテ","-","-","-","-","スタジアムのヒーロー・ラインナップに追加","","","","","","","","","","","","","","","","",1
"2025/08/27","ブリギッテ","パワー","-","-","バースト・エイド","クイック近接攻撃で〈リペア・パック〉のチャージをすべて消費する。1チャージ消費するごとに、ライフ最大値の20%分回復し、攻撃速度が3秒間に5%上がる（クールダウン10秒）","","","","","","","","","","","","","","","","",1
"2025/08/27","ブリギッテ","パワー","-","-","義烈の猛撃","〈シールド・バッシュ〉または〈ウィップ・ショット〉の使用後に〈ロケット・フレイル〉でダメージを与えると、5メートル以内の味方がそのダメージの100%分回復する","","","","","","","","","","","","","","","","",1
"2025/08/27","ブリギッテ","パワー","-","-","ワールウィップ","〈シールド・バッシュ〉または〈ウィップ・ショット〉の使用後、次の〈ロケット・フレイル〉が5メートル以内のすべての敵にヒットする","","","","","","","","","","","","","","","","",1
"2025/08/27","ブリギッテ","パワー","-","-","オプティマイザー","〈リペア・パック〉を発動するたびに〈リペア・パック〉の回復量が10%増え、ブリギッテ自身も1秒ごとにライフ最大値の5%分回復する","","","","","","","","","","","","","","","","",1
"2025/08/27","ブリギッテ","パワー","-","-","大増量パック","〈リペア・パック〉の持続時間が50%伸びる。アビリティでダメージを与えると、発動中のすべての〈リペア・パック〉の持続時間が1秒伸びる","","","","","","","","","","","","","","","","",1
"2025/08/27","ブリギッテ","パワー","-","-","戦神の後光","10メートル以上離れたターゲットにアビリティでダメージを与えると、その相手が炎上し、着弾までの距離1メートルごとに4%の追加ダメージが発生する","","","","","","","","","","","","","","","","",1
"2025/08/27","ブリギッテ","パワー","-","-","顔にメイス！","〈バリア・シールド〉のサイズが1メートル大きくなり、〈シールド・バッシュ〉が複数の敵にヒットする。〈ウィップ・ショット〉で発動した〈インスパイア〉の持続時間が1秒伸びる","","","","","","","","","","","","","","","","",1
"2025/08/27","ブリギッテ","パワー","-","-","勇気の盾","〈シールド・バッシュ〉の使用後、〈バリア・シールド〉のライフが33%回復し、〈インスパイア〉が発動する","","","","","","","","","","","","","","","","",1
"2025/08/27","ブリギッテ","パワー","-","-","シールド・スロー","〈シールド・バッシュ〉使用後に〈ロケット・フレイル〉を使うと、シールドをブーメランのように飛ばして、〈シールド・バッシュ〉60%分のダメージを与える","","","","","","","","","","","","","","","","",1
"2025/08/27","ブリギッテ","パワー","-","-","鉄壁のリンドホルム","〈バリア・シールド〉のサイズが60%大きくなり、〈バリア・シールド〉のライフが100%増える/〈シールド・バッシュ〉が複数の敵にヒットする","","","","","","","","","","","","","","","","",1
"2025/08/27","ブリギッテ","パワー","-","-","みんな、胸を張って","アビリティで〈インスパイア〉が発動すると、その効果を受けたすべてのヒーローが自身のライフ最大値5%分の追加ライフを5秒間得る","","","","","","","","","","","","","","","","",1
"2025/08/27","ブリギッテ","アイテム","武器","レア","バッシュ効率アップ","+25ライフ/+5%武器パワー/+40%〈シールド・バッシュ〉距離/コスト：4,000","","","","","","","","","","","","","","","","",1
"2025/08/27","ブリギッテ","アイテム","アビリティ","レア","リペア＆ヘイスト","+25ライフ/+5%アビリティ・パワー/〈リペア・パック〉の効果を受けているターゲットの移動速度が10%上がる/コスト：4,000","","","","","","","","","","","","","","","","",1
"2025/08/27","ブリギッテ","アイテム","アビリティ","エピック","チェーン・エクステンダー","+15%アビリティ・パワー/+50%〈ウィップ・ショット〉射程/コスト：9,000","","","","","","","","","","","","","","","","",1
"2025/08/27","ブリギッテ","アイテム","アビリティ","エピック","リビルド","+50アーマー/+5%クールダウン短縮/アビリティでダメージを与えると、3%のアルティメット・チャージを得る/コスト：9,500","","","","","","","","","","","","","","","","",1
"2025/08/27","ブリギッテ","アイテム","アビリティ","エピック","ミッツィ印の回復材","+10%アビリティ・パワー/+10%クールダウン短縮/〈リペア・パック〉で味方をライフ最大値以上に回復できる。効果の持続中、最大75の追加ライフを付与/コスト：10,000","","","","","","","","","","","","","","","","",1
"2025/08/27","ブリギッテ","アイテム","サバイバル","レア","従者の鞄","+25アーマー/〈バリア・シールド〉使用中、受けるダメージが25%減る/コスト：4,000","","","","","","","","","","","","","","","","",1
"2025/08/27","ブリギッテ","アイテム","サバイバル","レア","楯乙女の覚悟","+25アーマー/破壊された〈バリア・シールド〉の再生が50%早く始まる/コスト：4,000","","","","","","","","","","","","","","","","",1
"2025/08/27","ブリギッテ","アイテム","サバイバル","エピック","ドラゴンズ・ブレス","+25アーマー/+20%〈ラリー〉持続時間/〈ラリー〉の範囲内にいる敵を炎上させ、1秒ごとにライフ最大値の5%分のダメージを与える。また、そのダメージと同じ分、自身が回復する/コスト：9,000","","","","","","","","","","","","","","","","",1
"2025/08/27","ブリギッテ","アイテム","サバイバル","エピック","バトル・リペア","+50アーマー/〈ロケット・フレイル〉でダメージを与えると、〈リペア・パック〉のクールダウンが0.5秒短くなる/コスト：10,000","","","","","","","","","","","","","","","","",1
"2025/08/27","ブリギッテ","アイテム","サバイバル","エピック","ハードライト・アーマー","+25アーマー/〈バリア・シールド〉のライフがアーマー最大値の150%増える/コスト：10,000","","","","","","","","","","","","","","","","",1
"2025/08/27","ジュノ","パワー","-","-","オービタル・アライメント","〈オービタル・レイ〉内の敵が浮き上がるようになりました","","","","","","","","","","","","","","","","",2
"2025/08/27","ジュノ","パワー","-","-","ブリンク・ブースター","クールダウンの短縮率が30%から40%に増加","","","","","","","","","","","","","","","","",2
"2025/08/27","ルシオ","パワー","-","-","ビート・ドロップ","敵の頭上に〈サウンド・バリア〉を当てた時の最大ダメージが200から250に増加","","","","","","","","","","","","","","","","",2
"2025/08/27","マーシー","パワー","-","-","トリアージ・ユニット","〈カデュケウス・スタッフ〉以外の回復量も増えるようになりました/回復量のボーナスが35%から25%に減少","","","","","","","","","","","","","","","","",2
"2025/08/27","マーシー","パワー","-","-","カデュケウス・ヘイロー","削除しました","","","","","","","","","","","","","","","","",3
"2025/08/27","マーシー","パワー","-","-","運命の糸","〈カデュケウス・スタッフ〉切断後の回復量が通常の50%から35%に減少","","","","","","","","","","","","","","","","",2
"2025/08/27","マーシー","パワー","-","-","バトル・メディック","蓄積ごとに得られる攻撃速度のボーナスが4%から3%に減少","","","","","","","","","","","","","","","","",2
"2025/08/27","マーシー","パワー","-","-","セレニティ","回復量のボーナスが20%から10%に減少","","","","","","","","","","","","","","","","",2
"2025/08/27","マーシー","パワー","-","-","庇護の光","視界から外れた対象へのリンク持続時間が1秒伸びる効果を追加","","","","","","","","","","","","","","","","",2
"2025/08/27","マーシー","パワー","-","-","血止めの連帯","新パワー/〈カデュケウス・ブラスター〉に切り替えると、それまで〈カデュケウス・スタッフ〉を繋いでいた秒数分、味方が自動的に回復する。回復量は毎秒100%、最大10秒持続","","","","","","","","","","","","","","","","",1
"2025/08/27","マーシー","パワー","-","-","波状支援","新パワー/〈カデュケウス・スタッフ〉をリロードすると、リンクしている味方の移動速度が2秒間にわたって20%上がるほか、その味方のクールダウンが3秒短くなり、弾薬数が50%回復する（クールダウン10秒）","","","","","","","","","","","","","","","","",1
"2025/08/27","マーシー","アイテム","武器","レア","エクストラ・ヒーリング","カテゴリーをパワーから武器ヒーロー・アイテム（レア）に変更/+25ライフ/+5%攻撃速度/ライフがフルの味方に与えられる追加ライフの量が50から25に減少/コスト：4,500","","","","","","","","","","","","","","","","",2
"2025/08/27","マーシー","アイテム","サバイバル","エピック","ブースト・チェイン","「+50アーマー」の効果を「+50ライフ」に変更","","50","0","","","","","","","","","","","","","",2
"2025/08/27","マーシー","アイテム","サバイバル","エピック","天使の舞","アビリティ・パワー+15%の効果を追加/コストが10,000から11,000に増加","11000","","","","","15","","","","","","","","","","",2
"2025/08/27","マーシー","アイテム","サバイバル","エピック","エンジェル・ブースター","カテゴリーをサバイバルからアビリティに変更/アビリティ・パワー+10%の効果を追加/ライフのボーナスが50から25に減少","","25","","","","10","","","","","","","","","","",2
"2025/08/27","共通アイテム","アイテム","サバイバル","コモン","バリスティック・バッファー","新共通サバイバル・アイテム（コモン）/+10ライフ/20メートル以上遠くからダメージを受けると、50の追加ライフを3秒間得る（クールダウン：15秒）/コスト：4,500","","","","","","","","","","","","","","","","",1
"2025/08/27","共通アイテム","アイテム","武器","レア","ディフェンス・プロトコル","新共通武器アイテム（レア）/+25ライフ/+5%武器パワー/3メートル以上の高さで滞空している敵に武器でダメージを与えると、10のボーナス・ダメージが発生し、敵の移動速度も3秒間25%下がる（クールダウン：10秒）/コスト：4,000","","","","","","","","","","","","","","","","",1
"2025/08/27","共通アイテム","アイテム","アビリティ","レア","スカイライン・ナノマシン","新アビリティ共通アイテム（レア）/+10%ライフ吸収率/空中（高度3メートル以上）いる敵に対して武器でダメージを与えると、その相手に3秒間かけて20%の追加ダメージを与える/コスト：4,000","","","","","","","","","","","","","","","","",1
"2025/08/27","共通アイテム","アイテム","サバイバル","コモン","イオン・ブースト","ライフ+10のボーナスを追加","","10","","","","","","","","","","","","","","",2
"2025/08/27","共通アイテム","アイテム","サバイバル","コモン","救急キット","効果（パッシブ回復開始までの時間短縮）の対象にシールドを追加","","","","","","","","","","","","","","","","",2
"2025/08/27","共通アイテム","アイテム","武器","レア","追加ストック","ライフ+10のボーナスを追加","","10","","","","","","","","","","","","","","",2
"2025/08/27","共通アイテム","アイテム","武器","レア","エマージェンシー・チップ","効果を「ライフが150を下回っている間、武器に15%のライフ吸収効果が付く」から「ライフが150を下回ると3秒間、武器に15%のライフ吸収効果が付き、50の追加ライフを得る。次のリスポーンまで1度だけ発動」に変更","","","","","","","","","","","","","","","","",2
"2025/08/27","共通アイテム","アイテム","武器","レア","ライフ吸引ユニット","ライフ+25のボーナスを追加/武器パワー+5%のボーナスを攻撃速度+5%に変更","","25","","","0","","5","","","","","","","","","",2
"2025/08/27","共通アイテム","アイテム","武器","レア","カスタム・ストック","ライフ+10のボーナスを追加","","10","","","","","","","","","","","","","","",2
"2025/08/27","共通アイテム","アイテム","アビリティ","レア","ハンド・ラップ","ライフ+10のボーナスを追加","","10","","","","","","","","","","","","","","",2
"2025/08/27","共通アイテム","アイテム","アビリティ","レア","ジャンカー・マジック","ライフ+25のボーナスを追加","","25","","","","","","","","","","","","","","",2
"2025/08/27","共通アイテム","アイテム","アビリティ","レア","バイタル・アンプリフィケーション","効果を「ライフが50%を上回っている間、アビリティ・パワーが10%上がる。下回っている場合、アビリティに15%のライフ吸収が付き、クールダウンも10%早くなる」に変更/コストが4,500から5,000に増加","5000","","","","","","","","","","","","","","","",2
"2025/08/27","共通アイテム","アイテム","サバイバル","レア","ヴィシュカー製集光レンズ","ライフから変換されるシールドの量が100から150に増加/コストが4,000から3,750に減少","3750","","","","","","","","","","","","","","","",2
"2025/08/27","共通アイテム","アイテム","サバイバル","レア","強化チタニウム","シールドを保っている間のボーナスに「アビリティ・パワー+5%」を追加","","","","","","","","","","","","","","","","",2
"2025/08/27","共通アイテム","アイテム","サバイバル","レア","血の復讐","レア度をエピックからレアに変更/コストが9,000から4,000に減少","4000","","","","","","","","","","","","","","","",2
"2025/08/27","共通アイテム","アイテム","サバイバル","レア","クルセイダー・アクチュエーター","アーマーを保っている間のボーナスに「攻撃速度+5%」を追加/（*以下は「神聖なる救済」に関する記述）「受けたダメージ20%分のライフが回復する」効果を「受けたダメージ20%分の追加ライフを3秒間得る」に変更/他のダメージ軽減効果とのコンビネーションという観点から、「受けたダメージ」に軽減前のダメージも考慮するようになりました/0.2秒間に受けたダメージ量を、効果の発動条件として考慮するようになりました","","","","","","","","","","","","","","","","",2
"2025/08/27","共通アイテム","アイテム","アビリティ","エピック","ソニック・リチャージャー","コストが9,500から9,000に減少","9000","","","","","","","","","","","","","","","",2
"2025/08/27","共通アイテム","アイテム","武器","エピック","オーバードライブ・コア","コストが10,000から9,500に減少","9500","","","","","","","","","","","","","","","",2
"2025/09/05","D.VA","パワー","-","-","メディカル・マトリックス","回復量が40%から30%に減少","","","","","","","","","","","","","","","","",2
"2025/09/05","D.VA","アイテム","武器","エピック","マルチ・タスクMOD","武器パワーが20%から10%に減少","","","","","10","","","","","","","","","","","",2
"2025/09/05","ジャンカー・クイーン","パワー","-","-","統率者の一撃","継続ダメージが50から40に減少","","","","","","","","","","","","","","","","",2
"2025/09/05","オリーサ","アイテム","サバイバル","レア","反射プレート","ダメージ軽減量が50%から75%に増加","","","","","","","","","","","","","","","","",2
"2025/09/05","ファラ","パワー","-","-","回生システム","ライフ吸収量が50%から25%に減少","","","","","","","","","","","","","","","","",2
"2025/09/05","ファラ","パワー","-","-","電撃砲火","ロケットの減少率が60%から75%に増加","","","","","","","","","","","","","","","","",2
"2025/09/05","ファラ","アイテム","アビリティ","レア","オーバーチャージング・ブラスト","コストが4,000から5,500に増加","5500","","","","","","","","","","","","","","","",2
"2025/09/05","ブリギッテ","パワー","-","-","義烈の猛撃","効果を発動できる距離が5メートルから10メートルに延長","","","","","","","","","","","","","","","","",2
"2025/09/05","ブリギッテ","アイテム","アビリティ","エピック","リビルド","〈ラリー〉発動中のアルティメット・チャージ付与の効果を削除","","","","","","","","","","","","","","","","",2
"2025/09/16","オリーサ","パワー","-","-","焦土","ダメージが20%から25%に増加","","","","","","","","","","","","","","","","",2
"2025/09/16","オリーサ","パワー","-","-","シールド・プロジェクション","バリアがパッシブのライフ回復から追加のライフを獲得するようになりました。","","","","","","","","","","","","","","","","",2
"2025/09/16","オリーサ","パワー","-","-","スーパーチャージャー","スーパーチャージャーのライフが200から400に増加","","","","","","","","","","","","","","","","",2
"2025/09/16","シグマ","パワー","-","-","重力のマエストロ","「〈グラビティ・フラックス〉が敵に影響を与えなかった場合、アルティメットチャージの50%が払い戻される」効果を追加","","","","","","","","","","","","","","","","",2
"2025/09/16","シグマ","アイテム","アビリティ","レア","スターダスト","〈アクリーション〉でダメージを与えた際に、ラウンド終了までアビリティ・パワーを5%付与するようになりました。（最大4回蓄積）","","","","","","","","","","","","","","","","",2
"2025/09/16","シグマ","アイテム","サバイバル","レア","ビーム・スプリッター","効果発動中、近接ダメージも減少させるように変更/ダメージの軽減率が50%から75%に増加","","","","","","","","","","","","","","","","",2
"2025/09/16","シグマ","アイテム","サバイバル","レア","同期シールド","〈エクスペリメンタル・バリア〉の後ろにいる間に付与される武器パワーと攻撃速度が5%から10%に増加/〈エクスペリメンタル・バリア〉の前にいる間に付与される移動速度とライフ吸収量が5%から10%に増加","","","","","","","","","","","","","","","","",2
"2025/09/16","メイ","パワー","-","-","スノーボール","「クリティカルヒット時、移動速度を30%低下させる」効果を追加","","","","","","","","","","","","","","","","",2
"2025/09/16","トレーサー","-","-","-","-","スタジアムのヒーロー・ラインナップに追加","","","","","","","","","","","","","","","","",1
"2025/09/16","トレーサー","パッシブ","-","-","-","アイテムとキャッシュから得るライフ、アーマー、シールドが25%減少します。","","","","","","","","","","","","","","","","",1
"2025/09/16","トレーサー","パワー","-","-","閃光パンチ","〈ブリンク〉使用後1秒間、次のクイック近接攻撃にアビリティ・パワーが適用され、追加のダメージ10を与えて敵をノックバックする","","","","","","","","","","","","","","","","",1
"2025/09/16","トレーサー","パワー","-","-","ちょっと失礼！","クイック近接攻撃がヒットすると、アルティメットチャージを5%得る","","","","","","","","","","","","","","","","",1
"2025/09/16","トレーサー","パワー","-","-","シュート・アンド・ブリンク","クリティカル・ヒットを達成すると、〈ブリンク〉のクールダウンが0.05秒短くなる","","","","","","","","","","","","","","","","",1
"2025/09/16","トレーサー","パワー","-","-","Tレーサー","〈ブリンク〉のテレポート距離が3メートル伸び、同アビリティ使用後1秒間、移動速度が10%上がる","","","","","","","","","","","","","","","","",1
"2025/09/16","トレーサー","パワー","-","-","時系列修正","〈リコール〉を使用すると、6メートル以内の味方がそれぞれ過去3秒間に受けたダメージの75%分回復する","","","","","","","","","","","","","","","","",1
"2025/09/16","トレーサー","パワー","-","-","オート・リコール","各ラウンドにつき1回、自身がキルされたとき、無償で〈リコール〉を使用する。アルティメット・チャージを消費することで〈リコール〉のクールダウンが50%短くなる","","","","","","","","","","","","","","","","",1
"2025/09/16","トレーサー","パワー","-","-","バレット・タイム","〈リコール〉の使用時、投擲物の速度が95%下がるフィールドを6秒間展開し、また3秒間、ヒットスキャンによるダメージが25%減る","","","","","","","","","","","","","","","","",1
"2025/09/16","トレーサー","パワー","-","-","ポータル・リコール","〈リコール〉の使用時、インタラクトした味方が3秒前に戻れる一時的なポータルをその場に残す","","","","","","","","","","","","","","","","",1
"2025/09/16","トレーサー","パワー","-","-","未来予知","〈ブリンク〉使用後2秒間、次の射撃6発分、10メートル以内の敵に自動で照準を合わせる","","","","","","","","","","","","","","","","",1
"2025/09/16","トレーサー","パワー","-","-","ポケット・ボム","〈リコール〉の使用時、ダメージが60%少ない〈パルス・ボム〉を1個投げる","","","","","","","","","","","","","","","","",1
"2025/09/16","トレーサー","アイテム","武器","レア","パルス・ディテクター","+10%武器パワー/+10%最大弾薬数/〈パルス・ピストル〉が最後にヒットした敵の居場所が1秒間明らかになる/コスト：5,500","","","","","","","","","","","","","","","","",1
"2025/09/16","トレーサー","アイテム","武器","エピック","アンダーワールド・クイックローダー","+10%武器パワー/+10%攻撃速度/〈パルス・ピストル〉がヒットすると、リロード速度が1%上がる。最大30回まで蓄積、リロード時にリセット/コスト：12,000","","","","","","","","","","","","","","","","",1
"2025/09/16","トレーサー","アイテム","アビリティ","レア","ドラッグ・リデューサー","+10%アビリティ・パワー/+100%〈パルス・ボム〉の投擲距離/コスト：4,000","","","","","","","","","","","","","","","","",1
"2025/09/16","トレーサー","アイテム","アビリティ","エピック","クロノ・ボム","+15%アビリティ・パワー/+50%〈パルス・ボム〉の爆発範囲/〈パルス・ボム〉に付着した敵、またはヒットした敵の移動速度が30%減少し、2秒間攻撃速度が30%減少/コスト：10,000","","","","","","","","","","","","","","","","",1
"2025/09/16","トレーサー","アイテム","サバイバル","レア","エミリーの愛情","+19ライフ/〈リコール〉使用後、5秒間追加ライフを50獲得/コスト：4,000","","","","","","","","","","","","","","","","",1
"2025/09/16","トレーサー","アイテム","サバイバル","レア","イギーの着火","+5%攻撃速度/+5%移動速度/空中で〈ブリンク〉を使用すると、空中ジャンプを獲得/コスト：3,750","","","","","","","","","","","","","","","","",1
"2025/09/16","トレーサー","アイテム","サバイバル","エピック","カスタム・キック","+38ライフ/〈ブリンク〉を使用すると、自身と6メートル以内の味方に移動速度+10%を1秒間付与/コスト：10,000","","","","","","","","","","","","","","","","",1
"2025/09/16","トレーサー","アイテム","サバイバル","エピック","オクストン・オーバードライブ","+19ライフ/〈リコール〉を使用すると、〈ブリンク〉のチャージを2回復/コスト：10,000","","","","","","","","","","","","","","","","",1
"2025/09/16","トレーサー","アイテム","サバイバル","エピック","スリップストリーム・サルブ","+19ライフ/〈リコール〉使用時、少なくともライフの70%を回復/コスト：10,000","","","","","","","","","","","","","","","","",1
"2025/09/16","ジュノ","アイテム","アビリティ","エピック","パルサー・デストロイヤー","ダメージを20から35に増加","","","","","","","","","","","","","","","","",2
"2025/09/16","キリコ","アイテム","アビリティ","エピック","ドーナツ配達","クールダウンの短縮率が10%から5%に減少/回復量が120から80に減少","","","","","","","","5","","","","","","","","",2
"2025/09/16","キリコ","アイテム","サバイバル","エピック","生命の護符","アビリティ・パワーが20%から15%に減少/追加ライフが100から80に減少","","","","","","15","","","","","","","","","","",2
"2025/09/16","共通アイテム","アイテム","サバイバル","レア","アイアンクラッド・エグゾースト","追加ライフは1回まで蓄積するようになりました。/+10ライフを追加","","10","","","","","","","","","","","","","","",2
"2025/09/16","共通アイテム","アイテム","アビリティ","エピック","シカゴ・タイプライター","追加ダメージに、ターゲットのライフに応じたダメージ減衰を追加/追加ダメージの連続発動に0.25秒のクールダウンを追加/コストが10,500から9,500に減少","9500","","","","","","","","","","","","","","","",2
"2025/09/16","共通アイテム","アイテム","アビリティ","エピック","お狐様のご加護","追加ダメージにダメージ減衰を追加","","","","","","","","","","","","","","","","",2
"2025/10/02","フレイヤ","パワー","-","-","リトル・トラップ ","効果の減少率を40%から30%に変更","","","","","","","","","","","","","","","","",2
"2025/10/02","フレイヤ","パワー","-","-","サイズミック・ショット","爆発範囲が33%から50%に拡大","","","","","","","","","","","","","","","","",2
"2025/10/02","フレイヤ","パワー","-","-","自給自足","ヒットごとの回復量がライフ最大値の4%分から5%分に増加","","","","","","","","","","","","","","","","",2
"2025/10/02","フレイヤ","パワー","-","-","ディープ・ポケット","アビリティ発動時の弾薬回復量が25%から40%に増加","","","","","","","","","","","","","","","","",2
"2025/10/02","フレイヤ","パワー","-","-","ボレー・アドゥ","追加の矢のダメージ量を、通常の矢の66%から50%に変更","","","","","","","","","","","","","","","","",2
"2025/10/02","トレーサー","パワー","-","-","時系列修正","回復量が、受けたダメージの75%分から100%分に増加","","","","","","","","","","","","","","","","",2
"2025/10/02","トレーサー","パワー","-","-","シュート・アンド・ブリンク","クールダウンの短縮時間が0.05秒から0.04秒に減少","","","","","","","","","","","","","","","","",2
"2025/10/02","トレーサー","パワー","-","-","未来予知","オートエイムで撃てる弾が6発から4発に減少","","","","","","","","","","","","","","","","",2
"2025/10/02","トレーサー","パワー","-","-","ポータル・リコール","ポータルの持続時間が6秒から8秒に延長","","","","","","","","","","","","","","","","",2
"2025/10/02","トレーサー","アイテム","アビリティ","エピック","クロノ・ボム","アビリティ・パワーの獲得量が15%から20%に増加/コストが10,000から10,500に増加","10500","","","","","20","","","","","","","","","","",2
"2025/10/02","ブリギッテ","パワー","-","-","シールド・スロー","シールド・ブーメランのダメージ量が、〈シールド・バッシュ〉のダメージ60%分から40%分に減少","","","","","","","","","","","","","","","","",2
"2025/10/02","共通アイテム","アイテム","武器","エピック","コード・ブレイカー","コストが9,000から10,000に増加","10000","","","","","","","","","","","","","","","",2
"2025/10/15","ガジェット","ガジェット","-","コモン","オーラ・リパルス","新ガジェット/+25ライフ/使用時の効果：周囲8メートル以内の敵を全員ノックバックする（クールダウン35秒）/コスト：1,500","","","","","","","","","","","","","","","","",1
"2025/10/15","ガジェット","ガジェット","-","コモン","バリア・スニペット","新ガジェット/+25ライフ/使用時の効果:50の追加ライフを3秒間得る（クールダウン45秒）/コスト：1,500","","","","","","","","","","","","","","","","",1
"2025/10/15","ガジェット","ガジェット","-","コモン","エグゾ・スプリング","新ガジェット/+25ライフ/しゃがみの長押しで、次のジャンプが最大250%高くなる（クールダウン20秒）/コスト：1,500","","","","","","","","","","","","","","","","",1
"2025/10/15","ガジェット","ガジェット","-","コモン","フェザー・シューズ","新ガジェット/+25ライフ/使用時の効果：5秒間、移動速度が25%上がる。ダメージを与えると即座に効果が失われる（クールダウン20秒）/コスト：1,500","","","","","","","","","","","","","","","","",1
"2025/10/15","ガジェット","ガジェット","-","コモン","メディキット","新ガジェット/+25ライフ/使用時の効果：ライフが毎秒20回復する。ダメージを受けると即座に効果が失われる。持続時間10秒（クールダウン25秒）/コスト：1,500","","","","","","","","","","","","","","","","",1
"2025/10/15","ガジェット","ガジェット","-","レア","ジェット・ブーツ","新ガジェット/+25ライフ/使用時の効果：短い距離をダッシュする（クールダウン20秒）/コスト：3,750","","","","","","","","","","","","","","","","",1
"2025/10/15","ガジェット","ガジェット","-","レア","支援フィールド","新ガジェット/+25アーマー/武器パワーが5%増加/使用時の効果：範囲内の自身と味方のライフが毎秒50回復する〈バイオティック・フィールド〉をその場に展開する。持続時間3秒（クールダウン20秒）/コスト：4,000","","","","","","","","","","","","","","","","",1
"2025/10/15","ガジェット","ガジェット","-","レア","狐印の御札","新ガジェット/+25シールド/+5%クールダウン短縮/使用時の効果：50の追加ライフと20%の移動速度のボーナスを3秒間得る。デバフを受けていると、追加で100の追加ライフを得る（クールダウン35秒）/コスト：4,000","","","","","","","","","","","","","","","","",1
"2025/10/15","ガジェット","ガジェット","-","エピック","お狐様の護身符","新ガジェット/+50シールド/-40%受けた状態異常の持続時間/使用時の効果：自身にかかっている状態異常が浄化され、ライフが75回復する。また、無敵状態と75%の移動速度上昇のボーナスが0.65秒間付く（クールダウン45秒）/コスト：9,000","","","","","","","","","","","","","","","","",1
"2025/10/15","ガジェット","ガジェット","-","エピック","ジェット・シューズ","新ガジェット/+25ライフ/+10%武器パワー/+10%アビリティ・パワー/使用時の効果：短い距離をダッシュする（クールダウン12秒）/コスト：9,500","","","","","","","","","","","","","","","","",1
"2025/10/15","ガジェット","ガジェット","-","エピック","ネクロ・バースト","新ガジェット/+50シールド/+15%アビリティ・パワー/使用時の効果：周囲8メートル以内の敵すべてをノックバックし、その敵に30%の回復阻害を3秒間与える（クールダウン20秒）/コスト：10,000","","","","","","","","","","","","","","","","",1
"2025/10/15","ガジェット","ガジェット","-","エピック","スーパー・セラム","新ガジェット/+25ライフ/+10%攻撃速度/+10%武器ライフ吸収/使用時の効果：5秒間、合計攻撃速度が50%上がると同時に、武器のダメージと回復量が15%減る。また、弾薬が全回復する（クールダウン35秒）/コスト：10,000","","","","","","","","","","","","","","","","",1
"2025/10/15","ガジェット","ガジェット","-","エピック","コロッサス・コア","新ガジェット/+10%ライフ、シールド、アーマー/+40%ノックバック抵抗力/+40%スロー効果抵抗力/使用時の効果：3秒間、巨大化する。この間、妨害不可の状態になって受けるダメージが25%減るうえに、ライフ最大値が25%増えるが、与えるダメージと回復量が50%減る（クールダウン45秒）/コスト：11,000","","","","","","","","","","","","","","","","",1
"2025/10/15","ガジェット","ガジェット","-","エピック","リフレッシャー","新ガジェット/+25ライフ/使用時の効果：全アビリティのクールダウンが8秒短くなる（クールダウン75秒）/コスト：13,000","","","","","","","","","","","","","","","","",1
"2025/10/15","ハザード","-","-","-","-","スタジアムのヒーロー・ラインナップに追加","","","","","","","","","","","","","","","","",1
"2025/10/15","ハザード","パワー","-","-","クルール・ショット","〈ボーン・スティング〉が命中した敵に対し、10ダメージの〈スパイク・ガード〉のスパイクを2本放つ","","","","","","","","","","","","","","","","",1
"2025/10/15","ハザード","パワー","-","-","レイジング・スティング","〈スパイク・ガード〉で回復した弾薬のダメージが10増える。〈スパイク・ガード〉の弾薬数回復速度が25%上がる","","","","","","","","","","","","","","","","",1
"2025/10/15","ハザード","パワー","-","-","もういっぺんかかってこい！","〈スパイク・ガード〉のスパイクがヒットするごとに〈バイオレント・リープ〉のクールダウンが0.1秒短くなる/〈スパイク・ガード〉発動中の移動速度低下ペナルティが90%軽減される","","","","","","","","","","","","","","","","",1
"2025/10/15","ハザード","パワー","-","-","ニードル・ストーム","前方にいるすべての敵が〈スパイク・ガード〉の攻撃対象になる","","","","","","","","","","","","","","","","",1
"2025/10/15","ハザード","パワー","-","-","バニー・ホップ","〈バイオレント・リープ〉をスラッシュ攻撃なしで使用すると、同アビリティと〈ジャギー・ウォール〉のクールダウンが2秒短くなる","","","","","","","","","","","","","","","","",1
"2025/10/15","ハザード","パワー","-","-","スラッシュ・ショット","〈バイオレント・リープ〉のスラッシュ攻撃を繰り出すと、80ダメージの貫通弾を1発発射する。ただし、10メートル以内の敵は無視される/〈バイオレント・リープ〉のダメージで得られるアルティメット・チャージが25%増える","","","","","","","","","","","","","","","","",1
"2025/10/15","ハザード","パワー","-","-","ツイン・ファング","〈バイオレント・リープ〉を使用すると、次に撃つ〈ボーン・スティング〉がダブル・ショットになる。追加ショットのダメージは65%。弾の追加消費はない","","","","","","","","","","","","","","","","",1
"2025/10/15","ハザード","パワー","-","-","ワンワン","〈バイオレント・リープ〉のスラッシュ攻撃がヒットすると、〈スパイク・ガード〉のボーナス・エネルギーを15%得る/追加の〈スパイク・ガード〉のリソースを30%得る","","","","","","","","","","","","","","","","",1
"2025/10/15","ハザード","パワー","-","-","鋼鉄の壁","〈ジャギー・ウォール〉が35%大きくなる/〈ジャギー・ウォール〉のノックバック・ダメージが40増える","","","","","","","","","","","","","","","","",1
"2025/10/15","ハザード","パワー","-","-","バナジウム・ウォーター","〈ジャギー・ウォール〉展開時、その周囲12メートル以内の味方全員（自身を含む）が2秒かけて回復する","","","","","","","","","","","","","","","","",1
"2025/10/15","ハザード","パワー","-","-","オフ・ザ・ウォール","〈ジャギー・ウォール〉の周囲8メートル以内にいる敵が、壁の展開から1.5秒後、80ダメージを受けてノックバックする","","","","","","","","","","","","","","","","",1
"2025/10/15","ハザード","パワー","-","-","レイン・アゲイン","〈ヘヴィ・レイン〉のコストが20%下がる/〈ヘヴィ・レイン〉を使用すると、すべてのクールダウンがリセットされ、その後10秒間、クールダウンが25%短くなる","","","","","","","","","","","","","","","","",1
"2025/10/15","ハザード","アイテム","武器","レア","バイオ・ディスラプター","+5%武器パワー/リロードするか弾薬数が回復してから5秒間、武器に15%のライフ吸収効果が付く/コスト：4,000","","","","","","","","","","","","","","","","",1
"2025/10/15","ハザード","アイテム","武器","エピック","アドレナリン・スパイク","+10%武器パワー/クリティカル・ショットを当てると3秒間、攻撃速度が1%上がる。最大25回蓄積/コスト：11,000","","","","","","","","","","","","","","","","",1
"2025/10/15","ハザード","アイテム","アビリティ","レア","怪鳥の爪","+10%アビリティ・パワー/+5%クールダウン短縮/空中の敵に対する〈バイオレント・リープ〉のスラッシュ攻撃のダメージが25%増える/コスト：5,000","","","","","","","","","","","","","","","","",1
"2025/10/15","ハザード","アイテム","アビリティ","レア","ヘビー・ヘッジホッグ","+10%アビリティ・パワー/+50%〈スパイク・ガード〉射程/コスト：5,500","","","","","","","","","","","","","","","","",1
"2025/10/15","ハザード","アイテム","アビリティ","エピック","タッチアップ流チューニング","+10%アビリティ・パワー/+5%クールダウン短縮/〈バイオレント・リープ〉の使用後5秒間、〈スパイク・ガード〉のスパイクのダメージが25%増える/コスト：10,000","","","","","","","","","","","","","","","","",1
"2025/10/15","ハザード","アイテム","アビリティ","エピック","フリークス・タクティクス","+15%アビリティ・パワー/+10%ライフ吸収率/追加の〈スパイク・ガード〉のリソースを50%得る/〈ジャギー・ウォール〉がヒットすると、〈スパイク・ガード〉のボーナス・エネルギーを25%得る/コスト：10,000","","","","","","","","","","","","","","","","",1
"2025/10/15","ハザード","アイテム","アビリティ","エピック","ブームスラング・ブラスター","+10%アビリティ・パワー/+10%ライフ吸収率/〈スパイク・ガード〉中にクイック近接攻撃すると、ターゲットに対して即座にスパイクを5本放つ（クールダウン10秒）/コスト：11,000","","","","","","","","","","","","","","","","",1
"2025/10/15","ハザード","アイテム","サバイバル","レア","ホーム・グラウンド","〈ジャギー・ウォール〉の周囲9メートル以内にいる間、自身の移動速度が20、ジャンプ速度が100%上がる/コスト：4,000","","","","","","","","","","","","","","","","",1
"2025/10/15","ハザード","アイテム","サバイバル","エピック","ヘルス・ジェネレーター","+10%武器パワー/+5%武器ライフ吸収/〈スパイク・ガード〉で弾薬が1発回復するごとに、ライフ最大値の2%分回復する/コスト：10,000","","","","","","","","","","","","","","","","",1
"2025/10/15","ハザード","アイテム","サバイバル","エピック","スージーの献身","+50ライフ/+65%〈ジャギー・ウォール〉ライフ/〈ジャギー・ウォール〉で防いだダメージの10%分、自身のライフが回復する/コスト：11,000","","","","","","","","","","","","","","","","",1
"2025/10/15","ハザード","アイテム","サバイバル","エピック","ブラッド・ニードル","+50ライフ/+50%〈スパイク・ガード〉最大リソース/〈スパイク・ガード〉のスパイクがヒットするごとに、ライフ最大値の0.3%分回復する/コスト：11,000","","","","","","","","","","","","","","","","",1
"2025/10/15","オリーサ","パワー","-","-","アドバンスト・スローボティクス ","ジャベリンのダメージが通常の50%分から75%分に増加","","","","","","","","","","","","","","","","",2
"2025/10/15","ラインハルト","アイテム","サバイバル","レア","ロケット・ブーツ ","削除しました","","","","","","","","","","","","","","","","",3
"2025/10/15","シグマ","パワー","-","-","ゼロ・グラビティ","浮遊時間が2.5秒から4秒に増加/ダメージ軽減率が10%から15%に増加","","","","","","","","","","","","","","","","",2
"2025/10/15","シグマ","パワー","-","-","オービタル・スフィア","追加の〈ハイパースフィア〉からダメージ減少の効果を削除/説明文はミッドシーズンで更新する予定です","","","","","","","","","","","","","","","","",2
"2025/10/15","シグマ","パワー","-","-","トリニスフィア","3つ目の〈ハイパースフィア〉のダメージ量が50%から75%に増加/説明文はミッドシーズンで更新する予定です","","","","","","","","","","","","","","","","",2
"2025/10/15","ジャンクラット","パワー","-","-","爆裂パンチ","クールダウンが10秒から6秒に短縮","","","","","","","","","","","","","","","","",2
"2025/10/15","リーパー","パワー","-","-","搾取の舞","〈シャドウ・ステップ〉の発動スピード上昇率が30%から15%に減少","","","","","","","","","","","","","","","","",2
"2025/10/15","リーパー","パワー","-","-","こみ上げる衝動","キル時の〈レイス・フォーム〉のクールダウン短縮率が100%から50%に減少","","","","","","","","","","","","","","","","",2
"2025/10/15","ソジョーン","-","-","-","-","スタジアムのヒーロー・ラインナップに追加","","","","","","","","","","","","","","","","",1
"2025/10/15","ソジョーン","パワー","-","-","スーパー・キャパシター","〈レールガン〉の最大エネルギー量が150%にまで増える。ただし、最大チャージ時のダメージと消費エネルギー量は100%のまま変化しない","","","","","","","","","","","","","","","","",1
"2025/10/15","ソジョーン","パワー","-","-","振動弾","最大まで溜めたチャージ・ショットを放つと、その後4秒間、チャージ・ショットの弾丸が25%大きくなる。最大3回まで蓄積","","","","","","","","","","","","","","","","",1
"2025/10/15","ソジョーン","パワー","-","-","特殊炸裂弾","〈レールガン〉のエネルギー生成量が25%増え、チャージしたエネルギーの減衰速度が75%下がる","","","","","","","","","","","","","","","","",1
"2025/10/15","ソジョーン","パワー","-","-","エナジー・サイクル","チャージ・ショットを発射すると、そのチャージ量に応じて〈ディスラプター・ショット〉のクールダウンが最大35%短くなる","","","","","","","","","","","","","","","","",1
"2025/10/15","ソジョーン","パワー","-","-","アフターショック","チャージ・ショットでキルした際に弾が炸裂し、その弾のダメージ75%分の爆発ダメージが発生する","","","","","","","","","","","","","","","","",1
"2025/10/15","ソジョーン","パワー","-","-","ハード・スタック","〈ディスラプター・ショット〉が敵に吸着するが、その際のダメージは50%減る","","","","","","","","","","","","","","","","",1
"2025/10/15","ソジョーン","パワー","-","-","試作型モジュール","〈ディスラプター・ショット〉の範囲内にいる敵の移動速度が15%下がり、同アビリティで与えたダメージの33%分、〈レールガン〉のチャージが増える","","","","","","","","","","","","","","","","",1
"2025/10/15","ソジョーン","パワー","-","-","REチャージ","〈パワー・スライド〉中、攻撃速度が25%上がり、武器に50%のライフ吸収効果が付く","","","","","","","","","","","","","","","","",1
"2025/10/15","ソジョーン","パワー","-","-","フルカスタム・スラスター","〈パワー・スライド〉中に受けるダメージが減り、同アビリティの持続時間が100%延びる","","","","","","","","","","","","","","","","",1
"2025/10/15","ソジョーン","パワー","-","-","非正規戦闘術","〈パワー・スライド〉開始時とスライド・ジャンプ時に、小型の〈ディスラプター・ショット〉を展開する","","","","","","","","","","","","","","","","",1
"2025/10/15","ソジョーン","パワー","-","-","ローディング・スライド","〈パワー・スライド〉中、〈レールガン〉の弾薬の消費が止まり、弾薬が毎秒回復する","","","","","","","","","","","","","","","","",1
"2025/10/15","ソジョーン","パワー","-","-","自動照準システム","〈オーバークロック〉中、〈レールガン〉のメイン攻撃がオートエイムになる","","","","","","","","","","","","","","","","",1
"2025/10/15","ソジョーン","アイテム","武器","レア","エスプレッソ注入","+5%武器パワー/+10%移動速度/〈オーバークロック〉中に敵を倒すごとに、同アビリティの持続時間が2秒延びる/コスト：4,500","","","","","","","","","","","","","","","","",1
"2025/10/15","ソジョーン","アイテム","武器","レア","ロケット・パンチ","+25ライフ/+5%武器パワー/〈パワー・スライド〉中に繰り出すクイック近接攻撃に、30%の追加ダメージとノックバックの効果が付く/コスト：5,000","","","","","","","","","","","","","","","","",1
"2025/10/15","ソジョーン","アイテム","武器","エピック","マーフィーのサポーター","+15%武器パワー/敵を倒すと〈パワー・スライド〉のクールダウンがリセットされる/コスト：12,000","","","","","","","","","","","","","","","","",1
"2025/10/15","ソジョーン","アイテム","武器","エピック","追加アクセラレーター","+10%武器パワー/+10%攻撃速度/エネルギーの消費後3秒間、〈レールガン〉の弾速が、消費したエネルギーの50%分上がる/コスト：11,000","","","","","","","","","","","","","","","","",1
"2025/10/15","ソジョーン","アイテム","アビリティ","レア","エネルギー・ドレイン","+10%アビリティ・パワー/〈ディスラプター・ショット〉で敵を倒すごとに、アルティメット・チャージを10%得る/コスト：5,000","","","","","","","","","","","","","","","","",1
"2025/10/15","ソジョーン","アイテム","アビリティ","レア","カナダ軍制式キャリブレーター","+10%アビリティ・パワー/+50%〈ディスラプター・ショット〉持続時間/コスト：5,000","","","","","","","","","","","","","","","","",1
"2025/10/15","ソジョーン","アイテム","アビリティ","エピック","リャオ特製デバイス","+15%アビリティ・パワー/+15%〈ディスラプター・ショット〉持続時間/コスト：4,500","","","","","","","","","","","","","","","","",1
"2025/10/15","ソジョーン","アイテム","サバイバル","エピック","アフターバーナー","+25ライフ/+5%クールダウン短縮/+5%〈パワー・スライド〉ジャンプ高/コスト：4,500","","","","","","","","","","","","","","","","",1
"2025/10/15","トールビョーン","-","-","-","-","スタジアムのヒーロー・ラインナップに追加","","","","","","","","","","","","","","","","",1
"2025/10/15","トールビョーン","パワー","-","-","我が子の力","〈オーバーロード〉中、タレットが1レベルアップグレードされる。最大レベル3まで上昇","","","","","","","","","","","","","","","","",1
"2025/10/15","トールビョーン","パワー","-","-","タレット3兄弟","タレットを3台まで同時に展開できるようになる。タレットの初期レベルはレベル1で、50%のライフとの66%攻撃速度を持つ。〈フォージ・ハンマー〉を当てることで、最大15秒間、一時的にアップグレード可能","","","","","","","","","","","","","","","","",1
"2025/10/15","トールビョーン","パワー","-","-","相互フィードバック","タレットに設置後5秒間、200の追加ライフが付与される。また、〈フォージ・ハンマー〉でタレットを叩くと、10の追加ライフが5秒間、タレットに付与される。最大50蓄積","","","","","","","","","","","","","","","","",1
"2025/10/15","トールビョーン","パワー","-","-","プチ・マグマ","〈オーバーロード〉を使用すると、効果が66%低い〈モルテン・コア〉を2発分得る","","","","","","","","","","","","","","","","",1
"2025/10/15","トールビョーン","パワー","-","-","スウェーデン式サウナ","〈モルテン・コア〉のマグマの上にいる味方（自身を含む）が、1秒ごとに同アビリティのダメージの50%分回復する","","","","","","","","","","","","","","","","",1
"2025/10/15","トールビョーン","パワー","-","-","アーマーを持ってけ！","〈オーバーロード〉を使用すると、自身のライフ最大値20%分のアーマーを付与できるアーマー・パックを2個投げる。パックは蓄積しない","","","","","","","","","","","","","","","","",1
"2025/10/15","トールビョーン","パワー","-","-","ドワーフの戦神","〈オーバーロード〉を使用すると、5メートル以内のすべての味方に〈オーバーロード〉50%分の追加ライフと10%の攻撃速度上昇ボーナスが付く","","","","","","","","","","","","","","","","",1
"2025/10/15","トールビョーン","パワー","-","-","蒸気管バイパス","〈オーバーロード〉を発動していない間、武器でダメージか回復を与えるたびに、同アビリティのクールダウンが10%短くなる","","","","","","","","","","","","","","","","",1
"2025/10/15","トールビョーン","パワー","-","-","ダブル・リベット","〈リベット・ガン〉を5発撃つごとに、メイン攻撃とサブ攻撃を同時発射する。ただし、追加射撃分のダメージは通常より25%少ない","","","","","","","","","","","","","","","","",1
"2025/10/15","トールビョーン","パワー","-","-","追撃マーカー","タレットでダメージを与えた敵を8秒間マークする。マークされた敵に武器を撃つと、ライフを20%吸収できるほか、15%のボーナス・ダメージを与えられる","","","","","","","","","","","","","","","","",1
"2025/10/15","トールビョーン","パワー","-","-","焔の槌","〈オーバーロード〉中に〈フォージ・ハンマー〉を振ると爆風が起こり、周囲3メートルにライフ最大値10%分のダメージが及ぶ","","","","","","","","","","","","","","","","",1
"2025/10/15","トールビョーン","パワー","-","-","ブラックスミス","〈フォージ・ハンマー〉を味方に使用すると、同アビリティのダメージの66%分、対象が回復する","","","","","","","","","","","","","","","","",1
"2025/10/15","トールビョーン","アイテム","武器","レア","鬼にハンマー","+25アーマー/+5%攻撃速度/〈フォージ・ハンマー〉を構えている間、移動速度が15%上がる/コスト：4,000","","","","","","","","","","","","","","","","",1
"2025/10/15","トールビョーン","アイテム","武器","レア","リベット・リフレッシャー","+5%武器パワー/+30%リロード速度/〈オーバーロード〉を使用すると、最大弾薬数25%分の追加弾薬が装填される/コスト：4,000","","","","","","","","","","","","","","","","",1
"2025/10/15","トールビョーン","アイテム","武器","エピック","ハンマー・ディフェンス","+50アーマー/+10%攻撃速度/〈フォージ・ハンマー〉でダメージか回復を与えるたびに、ライフ最大値2%分の追加ライフを得る。合計20%まで獲得/コスト：10,000","","","","","","","","","","","","","","","","",1
"2025/10/15","トールビョーン","アイテム","武器","エピック","熱耐性向上","+10%武器パワー/+10%武器ライフ吸収/+20%〈オーバーロード〉持続時間/〈オーバーロード〉の効果が切れてから3秒間、攻撃速度が20%上がる/コスト：10,000","","","","","","","","","","","","","","","","",1
"2025/10/15","トールビョーン","アイテム","アビリティ","レア","スクラップ回収キット","+25ライフ/+5%アビリティ・パワー/タレットを壊された際、〈タレット設置〉のクールダウンが1秒短くなると同時に、25の追加ライフを3秒間得る/コスト：10,000","","","","","","","","","","","","","","","","",1
"2025/10/15","トールビョーン","アイテム","アビリティ","レア","溶岩渡り","+5%アビリティ・パワー/+5%クールダウン短縮/〈モルテン・コア〉のマグマの上にいる間、自身の移動速度が20%上がる/コスト：10,000","","","","","","","","","","","","","","","","",1
"2025/10/15","トールビョーン","アイテム","アビリティ","エピック","スマート・タレット","+10%アビリティ・パワー/+10%攻撃速度/〈リベット・ガン〉のサブ攻撃でダメージを与えた敵に、自身のタレットの照準が向く/コスト：9,000","","","","","","","","","","","","","","","","",1
"2025/10/15","トールビョーン","アイテム","アビリティ","エピック","リンドホルム・ランチャー","+15%アビリティ・パワー/+50%タレット照準範囲/+50%〈タレット設置〉投擲距離/コスト：10,000","","","","","","","","","","","","","","","","",1
"2025/10/15","トールビョーン","アイテム","サバイバル","レア","スーパー・オーバーロード","+10%クールダウン短縮/〈オーバーロード〉で得られる追加ライフが、アーマー最大値の30%分増える/コスト：10,000","","","","","","","","","","","","","","","","",1
"2025/10/15","トールビョーン","アイテム","サバイバル","エピック","鉄血注入","+50アーマー/〈オーバーロード〉中、自身のサイズが30%大きくなり、ライフが毎秒5%回復する/コスト：9,000","","","","","","","","","","","","","","","","",1
"2025/10/15","アナ","パワー","-","-","芸術的狙撃","新パワー/〈バイオティック・ライフル〉のスコープを覗きながら〈スリープ・ダーツ〉を撃てるようになる。この際、ダーツの弾速は150%上がる","","","","","","","","","","","","","","","","",1
"2025/10/15","アナ","パワー","-","-","イシスの涙","新パワー/〈スリープ・ダーツ〉の着弾エリアに〈バイオティック・グレネード〉の効果が現れる。回復/阻害力は通常の50%","","","","","","","","","","","","","","","","",1
"2025/10/15","アナ","パワー","-","-","ナノ・グレネード","新パワー/〈バイオティック・グレネード〉の効果を受けたすべての味方（自身を含む）が1.5秒間、〈ナノ・ブースト〉状態になる。効果は通常の25%","","","","","","","","","","","","","","","","",1
"2025/10/15","アナ","パワー","-","-","鷹匠","新パワー/〈ナノ・ブースト〉に、20%の攻撃速度上昇と、15%のアルティメット・チャージ増加の効果が追加される","","","","","","","","","","","","","","","","",1
"2025/10/15","アナ","パワー","-","-","ポテンシャル最大化","削除しました","","","","","","","","","","","","","","","","",3
"2025/10/15","アナ","パワー","-","-","ヴェノム","継続ダメージが75から60に減少","","","","","","","","","","","","","","","","",2
"2025/10/15","アナ","アイテム","武器","レア","タクティカル・ライフル","カテゴリーをパワーから武器ヒーロー・アイテム（レア）に変更/+10%武器パワー/〈バイオティック・ライフル〉のスコープ射撃に味方へのロックオン機能が付いて確実に命中するようになる。また、移動速度の低下が緩和される/コスト：5,000","","","","","","","","","","","","","","","","",1
"2025/10/15","アナ","アイテム","アビリティ","レア","睡眠療法","カテゴリーをパワーからアビリティ・ヒーロー・アイテム（レア）に変更/+25ライフ/敵を1人眠らせるごとに、ライフを10得る。最大50獲得/コスト：4,500","","","","","","","","","","","","","","","","",1
"2025/10/15","アナ","アイテム","アビリティ","エピック","トランキライザー","ライフ吸収量が50%から10%に減少/自身に60の追加ライフが付く効果を追加","","","","","","","","","","","","","","","","",2
"2025/10/15","アナ","アイテム","アビリティ","エピック","クラスター・コア","クールダウンの短縮時間を2秒から1秒に変更","","","","","","","","","","","","","","","","",2
"2025/10/15","アナ","アイテム","アビリティ","エピック","トランキライザー","削除しました","","","","","","","","","","","","","","","","",3
"2025/10/15","アナ","アイテム","アビリティ","エピック","ダブル・ドーズ","削除しました","","","","","","","","","","","","","","","","",3
"2025/10/15","アナ","アイテム","サバイバル","エピック","タイム・アウト","カテゴリーをパワーからサバイバル・ヒーロー・アイテム（レア）に変更/+75ライフ/〈バイオティック・グレネード〉が敵をノックバックし、同アビリティの効果を受けている自身の移動速度が20%上がる/コスト：9,000","","","","","","","","","","","","","","","","",1
"2025/10/15","ブリギッテ","パワー","-","-","バースト・エイド","入力キーをクイック近接攻撃からリロードに変更/〈リペア・パック〉1個あたりのライフ回復量が20%から25%に増加/〈リペア・パック〉1個あたりの攻撃速度のボーナスが5%から10%に増加","","","","","","","","","","","","","","","","",2
"2025/10/15","ブリギッテ","パワー","-","-","義烈の猛撃","回復の発動条件を「〈ロケット・フレイル〉でダメージを与える」に設定（これまではスイングのみでも発動可能でした）","","","","","","","","","","","","","","","","",2
"2025/10/15","ルシオ","パワー","-","-","リバーブ","効果を「〈サウンドウェーブ〉のチャージ数が1増える」から「〈サウンドウェーブ〉の使用後4秒間、同アビリティを通常よりも75%低いダメージでもう一度使える」に変更","","","","","","","","","","","","","","","","",2
"2025/10/15","ルシオ","パワー","-","-","ファン・サービス","一律20だった回復量のボーナスを〈サウンドウェーブ〉のダメージ33%分に変更","","","","","","","","","","","","","","","","",2
"2025/10/15","ルシオ","パワー","-","-","レッツ・バウンス","一律25だった追加ダメージ量を〈サウンドウェーブ〉のダメージ50%分に変更","","","","","","","","","","","","","","","","",2
"2025/10/15","ルシオ","パワー","-","-","ウォール・バイビング","1秒ごとに得られる追加ライフが、ライフの3%分から4%分に増加","","","","","","","","","","","","","","","","",2
"2025/10/15","ルシオ","パワー","-","-","ミックス・テープ","〈スピード・ブースト〉1秒当たりに得られる回復ボーナスが〈ヒーリング・ブースト〉50%分から75%分に増加","","","","","","","","","","","","","","","","",2
"2025/10/15","ルシオ","アイテム","アビリティ","レア","NO.1シングル","コストが4,000から4,500に増加","4500","","","","","","","","","","","","","","","",2
"2025/10/15","ルシオ","アイテム","サバイバル","エピック","ヒップ・ホップ","+10%武器パワーと+10%アビリティ・パワーの効果を追加/+25ライフの効果を削除/コストが9,000から9,500に増加","9500","0","","","10","10","","","","","","","","","","",2
"2025/10/15","ルシオ","パワー","-","-","巡る因果","回復量が被ダメージ30%分から50%分に増加","","","","","","","","","","","","","","","","",2
"2025/10/15","ルシオ","パワー","-","-","二重の調和","〈調和のオーブ〉の回復減少率を40%から35%に変更","","","","","","","","","","","","","","","","",2
"2025/10/15","共通アイテム","アイテム","武器","コモン","エリアル・カウンター","レア度をレアからコモンに変更/コストが4,000から1,500に減少/空中の敵に対するスロー効果を武器とアビリティ両方のダメージから引き出せるようになりました/+5%武器パワーの効果を削除","1500","","","","0","","","","","","","","","","","",2
"2025/10/15","共通アイテム","アイテム","武器","エピック","弾薬回収","トールビョーンのタレットなどの設置物を攻撃した際にダメージが増える効果を追加","","","","","","","","","","","","","","","","",2
"2025/10/15","共通アイテム","アイテム","アビリティ","エピック","液体窒素","アビリティでダメージを与えた際のスロー効果が20%から10%に減少/アビリティとアイテム由来の移動速度のボーナスに対するスロー効果（15%）を追加","","","","","","","","","","","","","","","","",2
"2025/10/15","共通アイテム","アイテム","アビリティ","エピック","シカゴ・タイプライター","コストが10,000から11,000に増加","11000","","","","","","","","","","","","","","","",2
"2025/10/15","共通アイテム","アイテム","サバイバル","コモン","心拍センサー","削除しました","","","","","","","","","","","","","","","","",3
"2025/10/15","共通アイテム","アイテム","サバイバル","コモン","反射コーティング","新アイテム/+25ライフ/スタン、スリープ、移動妨害、回復阻害のいずれかを受けると、75の追加ライフを3秒間得る（クールダウン20秒）/コスト：1,500","","","","","","","","","","","","","","","","",1
"2025/10/23","シグマ","パワー","-","-","トリニスフィア","ダメージが75%から50%に減少","","","","","","","","","","","","","","","","",2
"2025/10/23","シグマ","パワー","-","-","ゼロ・グラビティ","ダメージ軽減率が15%から10%に減少","","","","","","","","","","","","","","","","",2
"2025/10/23","ジュノ","パワー","-","-","ラリー・リング","クールダウン短縮が1秒から1.5秒に増加","","","","","","","","","","","","","","","","",2
"2025/10/23","ジュノ","パワー","-","-","ハイパー・ヒーラー","追加ライフが75から85に増加","","","","","","","","","","","","","","","","",2
"2025/10/23","ジュノ","アイテム","武器","エピック","グラビティ・プッシュ","攻撃速度が20%から35%に増加","","","","","","","","","","","","","","","","",2
"2025/10/23","ゼニヤッタ","パワー","-","-","没我の舵","最大アルティメットチャージが75%から65%に減少","","","","","20","","","","","","","","","","","",2
"2025/10/23","ガジェット","ガジェット","-","コモン","オーラ・リパルス","クールダウンが35秒から20秒に減少","","","","","","","","","","","","","","","","",2
"2025/10/15","ガジェット","ガジェット","-","コモン","バリア・スニペット","クールダウンが45秒から35秒に減少","","","","","","","","","","","","","","","","",2
"2025/10/15","ガジェット","ガジェット","-","コモン","メディキット","クールダウンが25秒から20秒に減少","","","","","","","","","","","","","","","","",2
"2025/10/15","ガジェット","ガジェット","-","レア","ジェット・ブーツ","クールダウンが20秒から15秒に減少","","","","","","","","","","","","","","","","",2
"2025/10/15","ガジェット","ガジェット","-","レア","支援フィールド","クールダウンが20秒から15秒に減少","","","","","","","","","","","","","","","","",2
"2025/10/15","ガジェット","ガジェット","-","レア","狐印の御札","クールダウンが35秒から25秒に減少","","","","","","","","","","","","","","","","",2
"2025/10/15","ガジェット","ガジェット","-","エピック","お狐様の護身符","クールダウンが45秒から35秒に減少","","","","","","","","","","","","","","","","",2
"2025/10/15","ガジェット","ガジェット","-","エピック","ジェット・シューズ","クールダウンが12秒から8秒に減少","","","","","","","","","","","","","","","","",2
"2025/10/15","ガジェット","ガジェット","-","エピック","ネクロ・バースト","クールダウンが20秒から15秒に減少/継続時間が3秒から5秒に増加","","","","","","","","","","","","","","","","",2
"2025/10/15","ガジェット","ガジェット","-","エピック","スーパー・セラム","クールダウンが35秒から30秒に減少","","","","","","","","","","","","","","","","",2
"2025/10/15","ガジェット","ガジェット","-","エピック","コロッサス・コア","クールダウンが45秒から35秒に減少/コストが11,000から9,500に減少","","","","","","","","","","","","","","","","",2
"2025/10/15","ガジェット","ガジェット","-","エピック","リフレッシャー","クールダウンが75秒から60秒に減少","","","","","","","","","","","","","","","","",2
"2025/11/12","ハザード","パワー","-","-","オフ・ザ・ウォール","ダメージが80から60に減少","","","","","","","","","","","","","","","","",2
"2025/11/12","ハザード","パワー","-","-","鋼鉄の壁","ダメージが40から25に減少","","","","","","","","","","","","","","","","",2
"2025/11/12","オリーサ","アイテム","武器","レア","強化ターゲット・センサー","攻撃速度+10%の効果を追加/武器パワー+5%の効果を追加","","","","","5","","10","","","","","","","","","",2
"2025/11/12","オリーサ","アイテム","アビリティ","エピック","ヘリコプター・ブレード","アビリティ・パワー+15%の効果を追加/武器パワー+15%の効果を追加","","","","","15","15","","","","","","","","","","",2
"2025/11/12","オリーサ","アイテム","アビリティ","エピック","エフィの法則","アーマー+25の効果を追加","","","25","","","","","","","","","","","","","",2
"2025/11/12","オリーサ","アイテム","サバイバル","エピック","ホログラム・ヘルメット","コストが10,000から9,000に減少","9000","","","","","","","","","","","","","","","",2
"2025/11/12","フレイヤ","パワー","-","-","ボレー・アドゥ","追加の矢の拡散率が60%に減少/追加の矢の発射ペースを5発に1回から3発に1回に変更","","","","","","","","","","","","","","","","",2
"2025/11/12","フレイヤ","パワー","-","-","ピーク・パフォーマンス","〈アップドラフト〉の高さ+20%の効果を追加","","","","","","","","","","","","","","","","",2
"2025/11/12","フレイヤ","パワー","-","-","自給自足","ヒットごとの回復量がライフ最大値の5%から8%に増加","","","","","","","","","","","","","","","","",2
"2025/11/12","フレイヤ","アイテム","アビリティ","レア","空中歩行ブーツ","効果「〈テイク・エイム〉の爆発ダメージを当てると、〈アップドラフト〉のクールダウンが1秒減る」を追加/〈アップドラフト〉の高さ+20%の効果を削除/アビリティ・パワー+5%の効果を追加/クールダウン短縮+5%の効果を削除","","","","","","5","","0","","","","","","","","",2
"2025/11/12","フレイヤ","アイテム","サバイバル","レア","風編みの羽衣","効果「〈テイク・エイム〉で速度が下がっている間、最大装填数10%分の矢が毎秒回復する」を追加","","","","","","","","","","","","","","","","",2
"2025/11/12","フレイヤ","パワー","-","-","サイクロン","追加の〈テイク・エイム〉の矢の爆発ダメージが25%減少","","","","","","","","","","","","","","","","",2
"2025/11/12","ソジョーン","パワー","-","-","ハード・スタック","〈ディスラプター・ショット〉吸着時のダメージ減少率を50%から25%に変更","","","","","","","","","","","","","","","","",2
"2025/11/12","ソジョーン","パワー","-","-","フルカスタム・スラスター","ダメージ軽減率が25%から35%に増加","","","","","","","","","","","","","","","","",2
"2025/11/12","ソジョーン","パワー","-","-","REブースト","攻撃速度の上昇率が25%から35%に増加/武器のライフ吸収率が50%から100%に増加","","","","","","","","","","","","","","","","",2
"2025/11/12","ソジョーン","パワー","-","-","試作型モジュール","敵の移動速度低下率が15%から25%に増加/〈レールガン〉のチャージ量が33%分から50%分に増加","","","","","","","","","","","","","","","","",2
"2025/11/12","ソジョーン","アイテム","アビリティ","エピック","リャオ特製デバイス","コストが11,000から10,000に減少","10000","","","","","","","","","","","","","","","",2
"2025/11/12","ソジョーン","アイテム","アビリティ","レア","エネルギー・ドレイン","コストが5,000から4,000に減少","4000","","","","","","","","","","","","","","","",2
"2025/11/12","ジャンクラット","パワー","-","-","ホップ！ステップ！","〈コンカッション・マイン〉を使った自爆・着地後に起爆する追加の〈コンカッション・マイン〉のダメージ減少率を30%から20%に変更","","","","","","","","","","","","","","","","",2
"2025/11/12","ジャンクラット","パワー","-","-","トラップ・イン・ザ・ボム","ミニ〈スティール・トラップ〉の発動条件（設置から起爆までの所要時間）を削除/ミニ〈スティール・トラップ〉の最大設置数が2から5に増加","","","","","","","","","","","","","","","","",2
"2025/11/12","ジャンクラット","パワー","-","-","ボムボム・レイン","爆弾の投下間隔が0.3秒から0.25秒に短縮","","","","","","","","","","","","","","","","",2
"2025/11/12","ジャンクラット","アイテム","アビリティ","エピック","ジェイミソン・ザ・ジャンパー","効果「〈コンカッション・マイン〉で自身を吹き飛ばすと、同アビリティのクールダウンが15%短くなる」を追加/〈コンカッション・マイン〉ノックバック距離+20%の効果を削除/ライフ+25のボーナスを追加","","25","","","","","","","","","","","","","","",2
"2025/11/12","ジャンクラット","アイテム","サバイバル","エピック","強化マイン","コストが10,000から9,000に減少/得られる追加ライフが、ライフ最大値5%分から8%分に増加/追加ライフの持続時間が3秒から5秒に延長","9000","","","","","","","","","","","","","","","",2
"2025/11/12","ジャンクラット","アイテム","アビリティ","エピック","フレーム軽量化","コストが10,000から9,500に減少/アビリティ・パワー+10%の効果を追加","9500","","","","","10","","","","","","","","","","",2
"2025/11/12","ジャンクラット","アイテム","アビリティ","レア","スピード配達","アビリティ・パワーの獲得量が5%から10%に増加/〈スティール・トラップ〉のライフ・ボーナスが50%から100%に増加","","","","","","","","","","","","","","","","",2
"2025/11/12","ジャンクラット","アイテム","アビリティ","エピック","メイヘム＆チャージ","これまで〈トータル・メイヘム〉のダメージのみだったアルティメット追加チャージの対象を各アビリティのダメージに拡大","","","","","","","","","","","","","","","","",2
"2025/11/12","ジャンクラット","アイテム","武器","レア","スパイク・グローブ","コストが4,500から4,000に減少","4000","","","","","","","","","","","","","","","",2
"2025/11/12","ジャンクラット","アイテム","サバイバル","レア","サーマル・トラップ","コストが4,000から3,750に減少","3750","","","","","","","","","","","","","","","",2
"2025/11/12","ジュノ","パワー","-","-","メディミサイル","〈パルサー・トーピード〉のヒットでさらに30回復する効果を追加","","","","","","","","","","","","","","","","",2
"2025/11/12","ブリギッテ","パワー","-","-","ワールウィップ","〈ロケット・フレイル〉の360度スイングのダメージが100%から125%に増加","","","","","","","","","","","","","","","","",2
"2025/11/12","ブリギッテ","パワー","-","-","義烈の猛撃","〈ロケット・フレイル〉のスイングで得られる回復量がダメージ100%分から125%分に増加","","","","","","","","","","","","","","","","",2
